{"type":"FeatureCollection","features":[{"type":"Feature","id":0,"geometry":{"type":"Point","coordinates":[100.7480843,5.705266500000002]},"properties":{"FID":0,"ID":1,"Nama_Madra":"Institut Pendidikan Islam Dan Tahfiz Al Quran ABADA","Alamat":"Lot 2853 Kompleks Pendidikan Islam, Kampung Parit Panjang, 09200 Baling, Kedah","Daerah":"BALING","Telefon":"04-476 6744","Latitud":5.705266,"Longitud":100.748084,"Nama_Penga":"Tidak Ditemui","Tahun_Dibu":"1996","Status__Ak":"Aktif","Kategori_D":"Institusi Semasa","Sumber___R":"Data gabungan terdahulu / KML Google Earth Pro / MAIK","Status_Pen":"Tahun Sedia Ada","Sumber_Tah":"Tahun daripada dataset terdahulu; dikekalkan. Sumber khusus perlu dirujuk pada rekod asal/rujukan terdahulu.","ERA":"4 - Era Transformasi Pendidikan","TAHUN_ERA":"1971-2000","KATEGORI_I_MAAHAD":"Lain-lain Institusi Pengajian Islam","ASAS_KATEGORI":"Tidak memenuhi padanan nama kategori khusus","STATUS_SAH_KATEGORI":"Belum disahkan","FUNGSI_PENDIDIKAN":"Belum disahkan"}},{"type":"Feature","id":1,"geometry":{"type":"Point","coordinates":[100.6897737,5.5455025]},"properties":{"FID":1,"ID":2,"Nama_Madra":"Kompleks Maahad Tafaqquh Fiddin","Alamat":"GMWQ+CV, 09100 Kuala Ketil, Kedah","Daerah":"BALING","Telefon":"Tidak Diketahui","Latitud":5.545502,"Longitud":100.689774,"Nama_Penga":"Tidak Ditemui","Tahun_Dibu":"Tidak Ditemui","Status__Ak":"Aktif","Kategori_D":"Institusi Semasa","Sumber___R":"Data gabungan terdahulu / KML Google Earth Pro / MAIK","Status_Pen":"Tidak Ditemui","Sumber_Tah":"Carian menyeluruh web 02-10-2026 — tiada bukti tahun pembukaan yang cukup kukuh ditemui","ERA":"Tidak Ditemui","TAHUN_ERA":"Tidak Ditemui","KATEGORI_I_MAAHAD":"Maahad / Madrasah Lain","ASAS_KATEGORI":"Nama menyebut Maahad atau Madrasah tanpa Tahfiz yang jelas","STATUS_SAH_KATEGORI":"Belum disahkan","FUNGSI_PENDIDIKAN":"Belum disahkan"}},{"type":"Feature","id":2,"geometry":{"type":"Point","coordinates":[100.9120714,5.781212600000072]},"properties":{"FID":2,"ID":3,"Nama_Madra":"KOMPLEKS MAAHAD TAHFIZ DARUL HIKMAH BALING KEDAH","Alamat":"KOMPLKS MAAHAD TAHFIZ DARUL HIKMAH, LOT 5806, KG LUAR,SIONG, KG LUAR, 09100 Baling, Kedah","Daerah":"BALING","Telefon":"018-407 8898","Latitud":5.781213,"Longitud":100.912071,"Nama_Penga":"Tidak Ditemui","Tahun_Dibu":"Tidak Ditemui","Status__Ak":"Aktif","Kategori_D":"Institusi Semasa","Sumber___R":"Data gabungan terdahulu / KML Google Earth Pro / MAIK","Status_Pen":"Tidak Ditemui","Sumber_Tah":"Carian menyeluruh web 02-10-2026 — tiada bukti tahun pembukaan yang cukup kukuh ditemui","ERA":"Tidak Ditemui","TAHUN_ERA":"Tidak Ditemui","KATEGORI_I_MAAHAD":"Maahad Tahfiz","ASAS_KATEGORI":"Nama menyebut Maahad Tahfiz","STATUS_SAH_KATEGORI":"Belum disahkan","FUNGSI_PENDIDIKAN":"Belum disahkan"}},{"type":"Feature","id":3,"geometry":{"type":"Point","coordinates":[100.6584923,5.7174801]},"properties":{"FID":3,"ID":4,"Nama_Madra":"Maahad Ahmadi Al-Barakah","Alamat":"09300 Kuala Ketil, Kedah","Daerah":"BALING","Telefon":"019-436 5125","Latitud":5.71748,"Longitud":100.658492,"Nama_Penga":"Tidak Ditemui","Tahun_Dibu":"Tidak Ditemui","Status__Ak":"Aktif","Kategori_D":"Institusi Semasa","Sumber___R":"Data gabungan terdahulu / KML Google Earth Pro / MAIK","Status_Pen":"Tidak Ditemui","Sumber_Tah":"Carian menyeluruh web 02-10-2026 — tiada bukti tahun pembukaan yang cukup kukuh ditemui","ERA":"Tidak Ditemui","TAHUN_ERA":"Tidak Ditemui","KATEGORI_I_MAAHAD":"Maahad / Madrasah Lain","ASAS_KATEGORI":"Nama menyebut Maahad atau Madrasah tanpa Tahfiz yang jelas","STATUS_SAH_KATEGORI":"Belum disahkan","FUNGSI_PENDIDIKAN":"Belum disahkan"}},{"type":"Feature","id":4,"geometry":{"type":"Point","coordinates":[100.6228901,5.593541999999999]},"properties":{"FID":4,"ID":5,"Nama_Madra":"Maahad Al Iman Li Ulumil Quran","Alamat":"146, kampung pantai cicar, Kampung Pantai Cicar, 09300 Kuala Ketil, Kedah","Daerah":"BALING","Telefon":"013-420 2206","Latitud":5.593542,"Longitud":100.62289,"Nama_Penga":"Tidak Ditemui","Tahun_Dibu":"Tidak Ditemui","Status__Ak":"Aktif","Kategori_D":"Institusi Semasa","Sumber___R":"Data gabungan terdahulu / KML Google Earth Pro / MAIK","Status_Pen":"Tidak Ditemui","Sumber_Tah":"Carian menyeluruh web 02-10-2026 — tiada bukti tahun pembukaan yang cukup kukuh ditemui","ERA":"Tidak Ditemui","TAHUN_ERA":"Tidak Ditemui","KATEGORI_I_MAAHAD":"Maahad / Madrasah Lain","ASAS_KATEGORI":"Nama menyebut Maahad atau Madrasah tanpa Tahfiz yang jelas","STATUS_SAH_KATEGORI":"Belum disahkan","FUNGSI_PENDIDIKAN":"Belum disahkan"}},{"type":"Feature","id":5,"geometry":{"type":"Point","coordinates":[100.7641242,5.713314300000004]},"properties":{"FID":5,"ID":6,"Nama_Madra":"Maahad Tahfiz Al Quran Misbahul Munir","Alamat":"Unnamed Road, 09100 Baling, Kedah","Daerah":"BALING","Telefon":"019-309 8271","Latitud":5.713314,"Longitud":100.764124,"Nama_Penga":"Tidak Ditemui","Tahun_Dibu":"Tidak Ditemui","Status__Ak":"Aktif","Kategori_D":"Institusi Semasa","Sumber___R":"Data gabungan terdahulu / KML Google Earth Pro / MAIK","Status_Pen":"Tidak Ditemui","Sumber_Tah":"Carian menyeluruh web 02-10-2026 — tiada bukti tahun pembukaan yang cukup kukuh ditemui","ERA":"Tidak Ditemui","TAHUN_ERA":"Tidak Ditemui","KATEGORI_I_MAAHAD":"Maahad Tahfiz","ASAS_KATEGORI":"Nama menyebut Maahad Tahfiz","STATUS_SAH_KATEGORI":"Belum disahkan","FUNGSI_PENDIDIKAN":"Belum disahkan"}},{"type":"Feature","id":6,"geometry":{"type":"Point","coordinates":[100.7504771,5.612708700000001]},"properties":{"FID":6,"ID":7,"Nama_Madra":"Maahad Tahfiz Al-Bahiyyah","Alamat":"Jalan Hji. Din, Kampung Binjul Dalam Mukim, 09310 Kuala Ketil, Kedah","Daerah":"BALING","Telefon":"019-481 7050","Latitud":5.612709,"Longitud":100.750477,"Nama_Penga":"Tidak Ditemui","Tahun_Dibu":"Tidak Ditemui","Status__Ak":"Aktif","Kategori_D":"Institusi Semasa","Sumber___R":"Data gabungan terdahulu / KML Google Earth Pro / MAIK","Status_Pen":"Tidak Ditemui","Sumber_Tah":"Carian menyeluruh web 02-10-2026 — tiada bukti tahun pembukaan yang cukup kukuh ditemui","ERA":"Tidak Ditemui","TAHUN_ERA":"Tidak Ditemui","KATEGORI_I_MAAHAD":"Maahad Tahfiz","ASAS_KATEGORI":"Nama menyebut Maahad Tahfiz","STATUS_SAH_KATEGORI":"Belum disahkan","FUNGSI_PENDIDIKAN":"Belum disahkan"}},{"type":"Feature","id":7,"geometry":{"type":"Point","coordinates":[100.6552482,5.608391299999999]},"properties":{"FID":7,"ID":8,"Nama_Madra":"Maahad Tahfiz Al-Naim","Alamat":"Taman Pendidikan Islam Desa Murni Jalan Tahfiz, Kampung Pekan Lama, 09300 Kuala Ketil, Kedah","Daerah":"BALING","Telefon":"013-939 7403","Latitud":5.608391,"Longitud":100.655248,"Nama_Penga":"Abd Talib Yaacob","Tahun_Dibu":"2005","Status__Ak":"Aktif","Kategori_D":"Institusi Semasa","Sumber___R":"Data gabungan terdahulu / KML Google Earth Pro / MAIK","Status_Pen":"Tahun Sedia Ada","Sumber_Tah":"Tahun daripada dataset terdahulu; dikekalkan. Sumber khusus perlu dirujuk pada rekod asal/rujukan terdahulu.","ERA":"5 - Era Pewarisan & Kelestarian","TAHUN_ERA":"2001-Kini","KATEGORI_I_MAAHAD":"Maahad Tahfiz","ASAS_KATEGORI":"Nama menyebut Maahad Tahfiz","STATUS_SAH_KATEGORI":"Belum disahkan","FUNGSI_PENDIDIKAN":"Belum disahkan"}},{"type":"Feature","id":8,"geometry":{"type":"Point","coordinates":[100.6632022,5.6065617]},"properties":{"FID":8,"ID":9,"Nama_Madra":"Maahad Tahfiz Al-Qur'an Ihyaauddin","Alamat":"Kampung Batu, Lorong 1, 09300 Kuala Ketil, Kedah","Daerah":"BALING","Telefon":"010-377 0425","Latitud":5.606562,"Longitud":100.663202,"Nama_Penga":"Tidak Ditemui","Tahun_Dibu":"Tidak Ditemui","Status__Ak":"Aktif","Kategori_D":"Institusi Semasa","Sumber___R":"Data gabungan terdahulu / KML Google Earth Pro / MAIK","Status_Pen":"Tidak Ditemui","Sumber_Tah":"Carian menyeluruh web 02-10-2026 — tiada bukti tahun pembukaan yang cukup kukuh ditemui","ERA":"Tidak Ditemui","TAHUN_ERA":"Tidak Ditemui","KATEGORI_I_MAAHAD":"Maahad Tahfiz","ASAS_KATEGORI":"Nama menyebut Maahad Tahfiz","STATUS_SAH_KATEGORI":"Belum disahkan","FUNGSI_PENDIDIKAN":"Belum disahkan"}},{"type":"Feature","id":9,"geometry":{"type":"Point","coordinates":[100.8477,5.639671200000024]},"properties":{"FID":9,"ID":10,"Nama_Madra":"Maahad Tahfiz Baitussalam","Alamat":"Kampung Kuala Kupang, 09200 Kupang, Kedah","Daerah":"BALING","Telefon":"013-465 9123","Latitud":5.639671,"Longitud":100.8477,"Nama_Penga":"Tidak Ditemui","Tahun_Dibu":"Tidak Ditemui","Status__Ak":"Aktif","Kategori_D":"Institusi Semasa","Sumber___R":"Data gabungan terdahulu / KML Google Earth Pro / MAIK","Status_Pen":"Tidak Ditemui","Sumber_Tah":"Carian menyeluruh web 02-10-2026 — tiada bukti tahun pembukaan yang cukup kukuh ditemui","ERA":"Tidak Ditemui","TAHUN_ERA":"Tidak Ditemui","KATEGORI_I_MAAHAD":"Maahad Tahfiz","ASAS_KATEGORI":"Nama menyebut Maahad Tahfiz","STATUS_SAH_KATEGORI":"Belum disahkan","FUNGSI_PENDIDIKAN":"Belum disahkan"}},{"type":"Feature","id":10,"geometry":{"type":"Point","coordinates":[100.901562,5.664409100000059]},"properties":{"FID":10,"ID":11,"Nama_Madra":"Maahad Tahfiz Dan Pengajian Islam (ABADA)","Alamat":"Kompleks Balai Islam Masjid Omar Zuhdi, Lot 2853, Parit Panjang, Kedah, 09200 Baling","Daerah":"BALING","Telefon":"04-476 1744","Latitud":5.664409,"Longitud":100.901562,"Nama_Penga":"Tidak Ditemui","Tahun_Dibu":"Tidak Ditemui","Status__Ak":"Aktif","Kategori_D":"Institusi Semasa","Sumber___R":"Data gabungan terdahulu / KML Google Earth Pro / MAIK","Status_Pen":"Tidak Ditemui","Sumber_Tah":"Carian menyeluruh web 02-10-2026 — tiada bukti tahun pembukaan yang cukup kukuh ditemui","ERA":"Tidak Ditemui","TAHUN_ERA":"Tidak Ditemui","KATEGORI_I_MAAHAD":"Maahad Tahfiz","ASAS_KATEGORI":"Nama menyebut Maahad Tahfiz","STATUS_SAH_KATEGORI":"Belum disahkan","FUNGSI_PENDIDIKAN":"Belum disahkan"}},{"type":"Feature","id":11,"geometry":{"type":"Point","coordinates":[100.8949521,5.737848500000056]},"properties":{"FID":11,"ID":12,"Nama_Madra":"Maahad Tahfiz Darul Hijrah","Alamat":"Km 7, Kampung Tandop, 09100 Baling, Kedah","Daerah":"BALING","Telefon":"013-957 5240","Latitud":5.737849,"Longitud":100.894952,"Nama_Penga":"Tidak Ditemui","Tahun_Dibu":"Tidak Ditemui","Status__Ak":"Aktif","Kategori_D":"Institusi Semasa","Sumber___R":"Data gabungan terdahulu / KML Google Earth Pro / MAIK","Status_Pen":"Tidak Ditemui","Sumber_Tah":"Carian menyeluruh web 02-10-2026 — tiada bukti tahun pembukaan yang cukup kukuh ditemui","ERA":"Tidak Ditemui","TAHUN_ERA":"Tidak Ditemui","KATEGORI_I_MAAHAD":"Maahad Tahfiz","ASAS_KATEGORI":"Nama menyebut Maahad Tahfiz","STATUS_SAH_KATEGORI":"Belum disahkan","FUNGSI_PENDIDIKAN":"Belum disahkan"}},{"type":"Feature","id":12,"geometry":{"type":"Point","coordinates":[100.8590058,5.685292200000031]},"properties":{"FID":12,"ID":13,"Nama_Madra":"Maahad Tahfiz Darul Mustofa (MTDM BALING)","Alamat":"Maahad Tahfiz Darul Mustofa, Kampung Sungai Limau, 09100 Baling, Kedah","Daerah":"BALING","Telefon":"013-482 2701","Latitud":5.685292,"Longitud":100.859006,"Nama_Penga":"Tidak Ditemui","Tahun_Dibu":"Tidak Ditemui","Status__Ak":"Aktif","Kategori_D":"Institusi Semasa","Sumber___R":"Data gabungan terdahulu / KML Google Earth Pro / MAIK","Status_Pen":"Tidak Ditemui","Sumber_Tah":"Carian menyeluruh web 02-10-2026 — tiada bukti tahun pembukaan yang cukup kukuh ditemui","ERA":"Tidak Ditemui","TAHUN_ERA":"Tidak Ditemui","KATEGORI_I_MAAHAD":"Maahad Tahfiz","ASAS_KATEGORI":"Nama menyebut Maahad Tahfiz","STATUS_SAH_KATEGORI":"Belum disahkan","FUNGSI_PENDIDIKAN":"Belum disahkan"}},{"type":"Feature","id":13,"geometry":{"type":"Point","coordinates":[100.919934,5.702769000000078]},"properties":{"FID":13,"ID":14,"Nama_Madra":"MAAHAD TAHFIZ IBNU SINA AN NAWAWI (Run By Ibnusina Institutes)","Alamat":"KAMPUNG BANGGOL RAMBONG, Baling, 09100 Baling, Kedah","Daerah":"BALING","Telefon":"013-497 7548","Latitud":5.702769,"Longitud":100.919934,"Nama_Penga":"Tidak Ditemui","Tahun_Dibu":"Tidak Ditemui","Status__Ak":"Aktif","Kategori_D":"Institusi Semasa","Sumber___R":"Data gabungan terdahulu / KML Google Earth Pro / MAIK","Status_Pen":"Tidak Ditemui","Sumber_Tah":"Carian menyeluruh web 02-10-2026 — tiada bukti tahun pembukaan yang cukup kukuh ditemui","ERA":"Tidak Ditemui","TAHUN_ERA":"Tidak Ditemui","KATEGORI_I_MAAHAD":"Maahad Tahfiz","ASAS_KATEGORI":"Nama menyebut Maahad Tahfiz","STATUS_SAH_KATEGORI":"Belum disahkan","FUNGSI_PENDIDIKAN":"Belum disahkan"}},{"type":"Feature","id":14,"geometry":{"type":"Point","coordinates":[100.7591683,5.6843908000000045]},"properties":{"FID":14,"ID":15,"Nama_Madra":"Maahad Tahfiz Nadi","Alamat":"360 kampung lanai, 09200 Kupang, Kedah","Daerah":"BALING","Telefon":"019-598 4597","Latitud":5.684391,"Longitud":100.759168,"Nama_Penga":"Tidak Ditemui","Tahun_Dibu":"Tidak Ditemui","Status__Ak":"Aktif","Kategori_D":"Institusi Semasa","Sumber___R":"Data gabungan terdahulu / KML Google Earth Pro / MAIK","Status_Pen":"Tidak Ditemui","Sumber_Tah":"Carian menyeluruh web 02-10-2026 — tiada bukti tahun pembukaan yang cukup kukuh ditemui","ERA":"Tidak Ditemui","TAHUN_ERA":"Tidak Ditemui","KATEGORI_I_MAAHAD":"Maahad Tahfiz","ASAS_KATEGORI":"Nama menyebut Maahad Tahfiz","STATUS_SAH_KATEGORI":"Belum disahkan","FUNGSI_PENDIDIKAN":"Belum disahkan"}},{"type":"Feature","id":15,"geometry":{"type":"Point","coordinates":[100.879212,5.57316600000004]},"properties":{"FID":15,"ID":16,"Nama_Madra":"Maahad Tahfiz Nur Jannah","Alamat":"09200 Kupang, Kedah","Daerah":"BALING","Telefon":"Tidak Diketahui","Latitud":5.573166,"Longitud":100.879212,"Nama_Penga":"Tidak Ditemui","Tahun_Dibu":"Tidak Ditemui","Status__Ak":"Aktif","Kategori_D":"Institusi Semasa","Sumber___R":"Data gabungan terdahulu / KML Google Earth Pro / MAIK","Status_Pen":"Tidak Ditemui","Sumber_Tah":"Carian menyeluruh web 02-10-2026 — tiada bukti tahun pembukaan yang cukup kukuh ditemui","ERA":"Tidak Ditemui","TAHUN_ERA":"Tidak Ditemui","KATEGORI_I_MAAHAD":"Maahad Tahfiz","ASAS_KATEGORI":"Nama menyebut Maahad Tahfiz","STATUS_SAH_KATEGORI":"Belum disahkan","FUNGSI_PENDIDIKAN":"Belum disahkan"}},{"type":"Feature","id":16,"geometry":{"type":"Point","coordinates":[100.8545486,5.6024622000000255]},"properties":{"FID":16,"ID":17,"Nama_Madra":"Maahad Tahfiz Sains Yayasan Khairiah","Alamat":"Kampung Tanjong, 09200 Kupang, Kedah","Daerah":"BALING","Telefon":"04-476 6934","Latitud":5.602462,"Longitud":100.854549,"Nama_Penga":"Tuan Guru Haji Yahya Toha","Tahun_Dibu":"1935","Status__Ak":"Aktif","Kategori_D":"Institusi Semasa","Sumber___R":"Data gabungan terdahulu / KML Google Earth Pro / MAIK","Status_Pen":"Tahun Sedia Ada","Sumber_Tah":"Tahun daripada dataset terdahulu; dikekalkan. Sumber khusus perlu dirujuk pada rekod asal/rujukan terdahulu.","ERA":"2 - Era Kebangkitan Pondok","TAHUN_ERA":"1900-1945","KATEGORI_I_MAAHAD":"Maahad Tahfiz","ASAS_KATEGORI":"Nama menyebut Maahad Tahfiz","STATUS_SAH_KATEGORI":"Belum disahkan","FUNGSI_PENDIDIKAN":"Belum disahkan"}},{"type":"Feature","id":17,"geometry":{"type":"Point","coordinates":[100.7279747,5.639830100000001]},"properties":{"FID":17,"ID":18,"Nama_Madra":"Maahad Tarbiah Haraki An Nur","Alamat":"Masjid Kampung Carok Beras Baling, 09100","Daerah":"BALING","Telefon":"019-471 1545","Latitud":5.63983,"Longitud":100.727975,"Nama_Penga":"Tidak Ditemui","Tahun_Dibu":"Tidak Ditemui","Status__Ak":"Aktif","Kategori_D":"Institusi Semasa","Sumber___R":"Data gabungan terdahulu / KML Google Earth Pro / MAIK","Status_Pen":"Tidak Ditemui","Sumber_Tah":"Carian menyeluruh web 02-10-2026 — tiada bukti tahun pembukaan yang cukup kukuh ditemui","ERA":"Tidak Ditemui","TAHUN_ERA":"Tidak Ditemui","KATEGORI_I_MAAHAD":"Maahad / Madrasah Lain","ASAS_KATEGORI":"Nama menyebut Maahad atau Madrasah tanpa Tahfiz yang jelas","STATUS_SAH_KATEGORI":"Belum disahkan","FUNGSI_PENDIDIKAN":"Belum disahkan"}},{"type":"Feature","id":18,"geometry":{"type":"Point","coordinates":[100.5842653,5.132445800000001]},"properties":{"FID":18,"ID":19,"Nama_Madra":"Kompleks Islam Darul Faizin (KIDAF)","Alamat":"Lot 1418 Kompleks Islam Darul Faizin, Mukim, Lubok Buntar, 09800 Serdang, Kedah","Daerah":"BANDAR BAHARU","Telefon":"010-448 6656","Latitud":5.132446,"Longitud":100.584265,"Nama_Penga":"Tuan Haji Jafri bin Abu Bakar Mahmoodi","Tahun_Dibu":"Tidak Ditemui","Status__Ak":"Aktif","Kategori_D":"Institusi Semasa","Sumber___R":"Data gabungan terdahulu / KML Google Earth Pro / MAIK","Status_Pen":"Tidak Ditemui","Sumber_Tah":"Carian menyeluruh web 02-10-2026 — tiada bukti tahun pembukaan yang cukup kukuh ditemui","ERA":"Tidak Ditemui","TAHUN_ERA":"Tidak Ditemui","KATEGORI_I_MAAHAD":"Lain-lain Institusi Pengajian Islam","ASAS_KATEGORI":"Tidak memenuhi padanan nama kategori khusus","STATUS_SAH_KATEGORI":"Belum disahkan","FUNGSI_PENDIDIKAN":"Belum disahkan"}},{"type":"Feature","id":19,"geometry":{"type":"Point","coordinates":[100.5507878,5.232227300000001]},"properties":{"FID":19,"ID":20,"Nama_Madra":"Ma’ahad Tahfiz Teh Samat","Alamat":"Lot 133 Pekan Relau, Mukim Relau, Daerah Darul Aman, 34950 Bandar Baharu, Kedah","Daerah":"BANDAR BAHARU","Telefon":"04-582 3787","Latitud":5.232227,"Longitud":100.550788,"Nama_Penga":"Tidak Ditemui","Tahun_Dibu":"Tidak Ditemui","Status__Ak":"Aktif","Kategori_D":"Institusi Semasa","Sumber___R":"Data gabungan terdahulu / KML Google Earth Pro / MAIK","Status_Pen":"Tidak Ditemui","Sumber_Tah":"Carian menyeluruh web 02-10-2026 — tiada bukti tahun pembukaan yang cukup kukuh ditemui","ERA":"Tidak Ditemui","TAHUN_ERA":"Tidak Ditemui","KATEGORI_I_MAAHAD":"Lain-lain Institusi Pengajian Islam","ASAS_KATEGORI":"Tidak memenuhi padanan nama kategori khusus","STATUS_SAH_KATEGORI":"Belum disahkan","FUNGSI_PENDIDIKAN":"Belum disahkan"}},{"type":"Feature","id":20,"geometry":{"type":"Point","coordinates":[100.7196825,5.2952973]},"properties":{"FID":20,"ID":21,"Nama_Madra":"Pusat Tahfiz Raudhatul Ulum Rantau Panjang Kg Serdang Kedah","Alamat":"Kampung Sungai Taka, 09800 Serdang, Kedah","Daerah":"BANDAR BAHARU","Telefon":"010-409 9203","Latitud":5.295297,"Longitud":100.719683,"Nama_Penga":"Tidak Ditemui","Tahun_Dibu":"Tidak Ditemui","Status__Ak":"Aktif","Kategori_D":"Institusi Semasa","Sumber___R":"Data gabungan terdahulu / KML Google Earth Pro / MAIK","Status_Pen":"Tidak Ditemui","Sumber_Tah":"Carian menyeluruh web 02-10-2026 — tiada bukti tahun pembukaan yang cukup kukuh ditemui","ERA":"Tidak Ditemui","TAHUN_ERA":"Tidak Ditemui","KATEGORI_I_MAAHAD":"Pusat Tahfiz","ASAS_KATEGORI":"Nama menyebut Pusat Tahfiz","STATUS_SAH_KATEGORI":"Belum disahkan","FUNGSI_PENDIDIKAN":"Belum disahkan"}},{"type":"Feature","id":21,"geometry":{"type":"Point","coordinates":[100.358293,6.143505000000091]},"properties":{"FID":21,"ID":22,"Nama_Madra":"Asrama Maahad Dini Sultan Abdul Halim","Alamat":"Blok A, Kompleks Pembangunan Asnaf Negeri Kedah, 05350, Kedah Darul Aman, 05350 Alor Setar, Kedah","Daerah":"KOTA SETAR","Telefon":"04-700 1071","Latitud":6.143505,"Longitud":100.358293,"Nama_Penga":"Lembaga Zakat Negeri Kedah (LZNK)","Tahun_Dibu":"2018","Status__Ak":"Aktif","Kategori_D":"Institusi Semasa","Sumber___R":"Data gabungan terdahulu / KML Google Earth Pro / MAIK","Status_Pen":"Tahun Sedia Ada","Sumber_Tah":"Tahun daripada dataset terdahulu; dikekalkan. Sumber khusus perlu dirujuk pada rekod asal/rujukan terdahulu.","ERA":"5 - Era Pewarisan & Kelestarian","TAHUN_ERA":"2001-Kini","KATEGORI_I_MAAHAD":"Maahad / Madrasah Lain","ASAS_KATEGORI":"Nama menyebut Maahad atau Madrasah tanpa Tahfiz yang jelas","STATUS_SAH_KATEGORI":"Belum disahkan","FUNGSI_PENDIDIKAN":"Belum disahkan"}},{"type":"Feature","id":22,"geometry":{"type":"Point","coordinates":[100.401261,6.201933100000048]},"properties":{"FID":22,"ID":23,"Nama_Madra":"Darul Uloom Al – Hilmiah","Alamat":"197, Batu 7, Titi Besi Kepala Batas, Kedah, 06550 Alor Setar","Daerah":"KOTA SETAR","Telefon":"04-714 5668","Latitud":6.201933,"Longitud":100.401261,"Nama_Penga":"Tidak Ditemui","Tahun_Dibu":"1990","Status__Ak":"Aktif","Kategori_D":"Institusi Semasa","Sumber___R":"Data gabungan terdahulu / KML Google Earth Pro / MAIK","Status_Pen":"Tahun Sedia Ada","Sumber_Tah":"Tahun daripada dataset terdahulu; dikekalkan. Sumber khusus perlu dirujuk pada rekod asal/rujukan terdahulu.","ERA":"4 - Era Transformasi Pendidikan","TAHUN_ERA":"1971-2000","KATEGORI_I_MAAHAD":"Lain-lain Institusi Pengajian Islam","ASAS_KATEGORI":"Tidak memenuhi padanan nama kategori khusus","STATUS_SAH_KATEGORI":"Belum disahkan","FUNGSI_PENDIDIKAN":"Belum disahkan"}},{"type":"Feature","id":23,"geometry":{"type":"Point","coordinates":[100.3802358,6.122849300000066]},"properties":{"FID":23,"ID":24,"Nama_Madra":"Darul Ulum Ihya Ulumuddin (Lelaki) - Maahad/Madrasah","Alamat":"Bandar Alor Setar, 05200 Alor Setar, Kedah","Daerah":"KOTA SETAR","Telefon":"010-656 7684","Latitud":6.122849,"Longitud":100.380236,"Nama_Penga":"Maulana Muhammad Abdul Kadir","Tahun_Dibu":"1995","Status__Ak":"Aktif","Kategori_D":"Institusi Semasa","Sumber___R":"Data gabungan terdahulu / KML Google Earth Pro / MAIK","Status_Pen":"Tahun Sedia Ada","Sumber_Tah":"Tahun daripada dataset terdahulu; dikekalkan. Sumber khusus perlu dirujuk pada rekod asal/rujukan terdahulu.","ERA":"4 - Era Transformasi Pendidikan","TAHUN_ERA":"1971-2000","KATEGORI_I_MAAHAD":"Maahad / Madrasah Lain","ASAS_KATEGORI":"Nama menyebut Maahad atau Madrasah tanpa Tahfiz yang jelas","STATUS_SAH_KATEGORI":"Belum disahkan","FUNGSI_PENDIDIKAN":"Belum disahkan"}},{"type":"Feature","id":24,"geometry":{"type":"Point","coordinates":[100.3791546,6.142962300000067]},"properties":{"FID":24,"ID":25,"Nama_Madra":"Institut Al Quran Darul Aman (IQDAR)","Alamat":"3138, Jalan Dato Haji Shuib 1/1, Taman Sri Taman 2, 05350 Alor Setar, Kedah","Daerah":"KOTA SETAR","Telefon":"04-732 7015","Latitud":6.142962,"Longitud":100.379155,"Nama_Penga":"Majlis Agama Islam Kedah (MAIK) & Yayasan Islam Negeri Kedah (YINK)","Tahun_Dibu":"1985","Status__Ak":"Aktif","Kategori_D":"Institusi Semasa","Sumber___R":"Data gabungan terdahulu / KML Google Earth Pro / MAIK","Status_Pen":"Tahun Sedia Ada","Sumber_Tah":"Tahun daripada dataset terdahulu; dikekalkan. Sumber khusus perlu dirujuk pada rekod asal/rujukan terdahulu.","ERA":"4 - Era Transformasi Pendidikan","TAHUN_ERA":"1971-2000","KATEGORI_I_MAAHAD":"Lain-lain Institusi Pengajian Islam","ASAS_KATEGORI":"Tidak memenuhi padanan nama kategori khusus","STATUS_SAH_KATEGORI":"Belum disahkan","FUNGSI_PENDIDIKAN":"Belum disahkan"}},{"type":"Feature","id":25,"geometry":{"type":"Point","coordinates":[100.3134189,6.179791500000165]},"properties":{"FID":25,"ID":26,"Nama_Madra":"Ma'ahad Tahfiz ITQAN","Alamat":"176, K363, Kampung Permatang Gunong, 06250 Alor Setar, Kedah","Daerah":"KOTA SETAR","Telefon":"019-429 5431","Latitud":6.179792,"Longitud":100.313419,"Nama_Penga":"Tidak Ditemui","Tahun_Dibu":"Tidak Ditemui","Status__Ak":"Aktif","Kategori_D":"Institusi Semasa","Sumber___R":"Data gabungan terdahulu / KML Google Earth Pro / MAIK","Status_Pen":"Tidak Ditemui","Sumber_Tah":"Carian menyeluruh web 02-10-2026 — tiada bukti tahun pembukaan yang cukup kukuh ditemui","ERA":"Tidak Ditemui","TAHUN_ERA":"Tidak Ditemui","KATEGORI_I_MAAHAD":"Lain-lain Institusi Pengajian Islam","ASAS_KATEGORI":"Tidak memenuhi padanan nama kategori khusus","STATUS_SAH_KATEGORI":"Belum disahkan","FUNGSI_PENDIDIKAN":"Belum disahkan"}},{"type":"Feature","id":26,"geometry":{"type":"Point","coordinates":[100.3419813,6.009216600000106]},"properties":{"FID":26,"ID":27,"Nama_Madra":"Maahad As-Solehah","Alamat":"Lot 738, Kampung Kuala Kangkong, 06650 Alor Setar, Kedah","Daerah":"KOTA SETAR","Telefon":"013-532 5284","Latitud":6.009217,"Longitud":100.341981,"Nama_Penga":"Tidak Ditemui","Tahun_Dibu":"Tidak Ditemui","Status__Ak":"Aktif","Kategori_D":"Institusi Semasa","Sumber___R":"Data gabungan terdahulu / KML Google Earth Pro / MAIK","Status_Pen":"Tidak Ditemui","Sumber_Tah":"Carian menyeluruh web 02-10-2026 — tiada bukti tahun pembukaan yang cukup kukuh ditemui","ERA":"Tidak Ditemui","TAHUN_ERA":"Tidak Ditemui","KATEGORI_I_MAAHAD":"Maahad / Madrasah Lain","ASAS_KATEGORI":"Nama menyebut Maahad atau Madrasah tanpa Tahfiz yang jelas","STATUS_SAH_KATEGORI":"Belum disahkan","FUNGSI_PENDIDIKAN":"Belum disahkan"}},{"type":"Feature","id":27,"geometry":{"type":"Point","coordinates":[100.4153931,6.073284100000037]},"properties":{"FID":27,"ID":28,"Nama_Madra":"Maahad Darul Hadis","Alamat":"Pusat Pengajian Darul Hadis, Kampung Tok Keling, 05400 Alor Setar, Kedah","Daerah":"KOTA SETAR","Telefon":"019-440 2769","Latitud":6.073284,"Longitud":100.415393,"Nama_Penga":"Ustaz Suhaimi Ahmad","Tahun_Dibu":"2008","Status__Ak":"Aktif","Kategori_D":"Institusi Semasa","Sumber___R":"Data gabungan terdahulu / KML Google Earth Pro / MAIK","Status_Pen":"Tahun Sedia Ada","Sumber_Tah":"Tahun daripada dataset terdahulu; dikekalkan. Sumber khusus perlu dirujuk pada rekod asal/rujukan terdahulu.","ERA":"5 - Era Pewarisan & Kelestarian","TAHUN_ERA":"2001-Kini","KATEGORI_I_MAAHAD":"Maahad / Madrasah Lain","ASAS_KATEGORI":"Nama menyebut Maahad atau Madrasah tanpa Tahfiz yang jelas","STATUS_SAH_KATEGORI":"Belum disahkan","FUNGSI_PENDIDIKAN":"Belum disahkan"}},{"type":"Feature","id":28,"geometry":{"type":"Point","coordinates":[100.3605634,6.169260600000089]},"properties":{"FID":28,"ID":29,"Nama_Madra":"Maahad Dini Sultan Abdul Halim","Alamat":"05150 Alor Setar, Kedah","Daerah":"KOTA SETAR","Telefon":"04-700 1071","Latitud":6.169261,"Longitud":100.360563,"Nama_Penga":"Lembaga Zakat Negeri Kedah (LZNK)","Tahun_Dibu":"2018","Status__Ak":"Aktif","Kategori_D":"Institusi Semasa","Sumber___R":"Data gabungan terdahulu / KML Google Earth Pro / MAIK","Status_Pen":"Tahun Sedia Ada","Sumber_Tah":"Tahun daripada dataset terdahulu; dikekalkan. Sumber khusus perlu dirujuk pada rekod asal/rujukan terdahulu.","ERA":"5 - Era Pewarisan & Kelestarian","TAHUN_ERA":"2001-Kini","KATEGORI_I_MAAHAD":"Maahad / Madrasah Lain","ASAS_KATEGORI":"Nama menyebut Maahad atau Madrasah tanpa Tahfiz yang jelas","STATUS_SAH_KATEGORI":"Belum disahkan","FUNGSI_PENDIDIKAN":"Belum disahkan"}},{"type":"Feature","id":29,"geometry":{"type":"Point","coordinates":[100.4220493,6.168812300000033]},"properties":{"FID":29,"ID":30,"Nama_Madra":"Maahad Imam Syatibi","Alamat":"Pondok Tuan Guru Haji Saad, Kampung Padang Wat, 05350 Alor Setar, Kedah","Daerah":"KOTA SETAR","Telefon":"018-400 9212","Latitud":6.168812,"Longitud":100.422049,"Nama_Penga":"Tidak Ditemui","Tahun_Dibu":"2013","Status__Ak":"Aktif","Kategori_D":"Institusi Semasa","Sumber___R":"Data gabungan terdahulu / KML Google Earth Pro / MAIK","Status_Pen":"Tahun Sedia Ada","Sumber_Tah":"Tahun daripada dataset terdahulu; dikekalkan. Sumber khusus perlu dirujuk pada rekod asal/rujukan terdahulu.","ERA":"5 - Era Pewarisan & Kelestarian","TAHUN_ERA":"2001-Kini","KATEGORI_I_MAAHAD":"Maahad / Madrasah Lain","ASAS_KATEGORI":"Nama menyebut Maahad atau Madrasah tanpa Tahfiz yang jelas","STATUS_SAH_KATEGORI":"Belum disahkan","FUNGSI_PENDIDIKAN":"Belum disahkan"}},{"type":"Feature","id":30,"geometry":{"type":"Point","coordinates":[100.3631837,6.091482000000082]},"properties":{"FID":30,"ID":31,"Nama_Madra":"Maahad Qiraat Al Azhar Amal Aimy Zdalifah","Alamat":"16, Sultan Abdul Halim Hwy, 05400 Alor Setar, Kedah","Daerah":"KOTA SETAR","Telefon":"04-772 8421","Latitud":6.091482,"Longitud":100.363184,"Nama_Penga":"Tidak Ditemui","Tahun_Dibu":"Tidak Ditemui","Status__Ak":"Aktif","Kategori_D":"Institusi Semasa","Sumber___R":"Data gabungan terdahulu / KML Google Earth Pro / MAIK","Status_Pen":"Tidak Ditemui","Sumber_Tah":"Carian menyeluruh web 02-10-2026 — tiada bukti tahun pembukaan yang cukup kukuh ditemui","ERA":"Tidak Ditemui","TAHUN_ERA":"Tidak Ditemui","KATEGORI_I_MAAHAD":"Maahad / Madrasah Lain","ASAS_KATEGORI":"Nama menyebut Maahad atau Madrasah tanpa Tahfiz yang jelas","STATUS_SAH_KATEGORI":"Belum disahkan","FUNGSI_PENDIDIKAN":"Belum disahkan"}},{"type":"Feature","id":31,"geometry":{"type":"Point","coordinates":[100.3877632,6.114107100000058]},"properties":{"FID":31,"ID":32,"Nama_Madra":"Maahad Tahfiz Al - Quran Derga","Alamat":"Lorong Seri Hujung, Kedah, 05300 Jalan Langgar Alor Setar","Daerah":"KOTA SETAR","Telefon":"04-917 3553","Latitud":6.114107,"Longitud":100.387763,"Nama_Penga":"Dato’ Haji Abd Hamid Abd Rahman; Ustaz Shauqi Ibrahim; Ustaz Mohamad Mohd Lazim; Ustaz Haji Yahya Saad","Tahun_Dibu":"1989","Status__Ak":"Aktif","Kategori_D":"Institusi Semasa","Sumber___R":"Data gabungan terdahulu / KML Google Earth Pro / MAIK","Status_Pen":"Tahun Sedia Ada","Sumber_Tah":"Tahun daripada dataset terdahulu; dikekalkan. Sumber khusus perlu dirujuk pada rekod asal/rujukan terdahulu.","ERA":"4 - Era Transformasi Pendidikan","TAHUN_ERA":"1971-2000","KATEGORI_I_MAAHAD":"Maahad Tahfiz","ASAS_KATEGORI":"Nama menyebut Maahad Tahfiz","STATUS_SAH_KATEGORI":"Belum disahkan","FUNGSI_PENDIDIKAN":"Belum disahkan"}},{"type":"Feature","id":32,"geometry":{"type":"Point","coordinates":[100.425504,6.194743400000033]},"properties":{"FID":32,"ID":33,"Nama_Madra":"Maahad Tahfiz Al Munir","Alamat":"maahad Tahfiz Al Munir, jalan pinang jaya, Kepala Batas,, Kedah","Daerah":"KOTA SETAR","Telefon":"013-436 4010","Latitud":6.194743,"Longitud":100.425504,"Nama_Penga":"Tidak Ditemui","Tahun_Dibu":"Tidak Ditemui","Status__Ak":"Aktif","Kategori_D":"Institusi Semasa","Sumber___R":"Data gabungan terdahulu / KML Google Earth Pro / MAIK","Status_Pen":"Tidak Ditemui","Sumber_Tah":"Carian menyeluruh web 02-10-2026 — tiada bukti tahun pembukaan yang cukup kukuh ditemui","ERA":"Tidak Ditemui","TAHUN_ERA":"Tidak Ditemui","KATEGORI_I_MAAHAD":"Maahad Tahfiz","ASAS_KATEGORI":"Nama menyebut Maahad Tahfiz","STATUS_SAH_KATEGORI":"Belum disahkan","FUNGSI_PENDIDIKAN":"Belum disahkan"}},{"type":"Feature","id":33,"geometry":{"type":"Point","coordinates":[100.3635064,6.138642200000083]},"properties":{"FID":33,"ID":34,"Nama_Madra":"Maahad Tahfiz Al-Quran Baitul Musthofa","Alamat":"14, Jalan Waja 1, Kampung Lubok Peringgi, 05150 Alor Setar, Kedah","Daerah":"KOTA SETAR","Telefon":"011-1028 6224","Latitud":6.138642,"Longitud":100.363506,"Nama_Penga":"Tidak Ditemui","Tahun_Dibu":"Tidak Ditemui","Status__Ak":"Aktif","Kategori_D":"Institusi Semasa","Sumber___R":"Data gabungan terdahulu / KML Google Earth Pro / MAIK","Status_Pen":"Tidak Ditemui","Sumber_Tah":"Carian menyeluruh web 02-10-2026 — tiada bukti tahun pembukaan yang cukup kukuh ditemui","ERA":"Tidak Ditemui","TAHUN_ERA":"Tidak Ditemui","KATEGORI_I_MAAHAD":"Maahad Tahfiz","ASAS_KATEGORI":"Nama menyebut Maahad Tahfiz","STATUS_SAH_KATEGORI":"Belum disahkan","FUNGSI_PENDIDIKAN":"Belum disahkan"}},{"type":"Feature","id":34,"geometry":{"type":"Point","coordinates":[100.3820264,6.145506700000065]},"properties":{"FID":34,"ID":35,"Nama_Madra":"Maahad Tahfiz Al-Quran Negeri Kedah","Alamat":"Kuaters MARA, 26-A, Jalan Sultanah, Kedah Darul Aman, 05350 Alor Setar","Daerah":"KOTA SETAR","Telefon":"04-733 2484","Latitud":6.145507,"Longitud":100.382026,"Nama_Penga":"Majlis Agama Islam Kedah (MAIK) & Yayasan Islam Negeri Kedah (YINK)","Tahun_Dibu":"1985","Status__Ak":"Aktif","Kategori_D":"Institusi Semasa","Sumber___R":"Data gabungan terdahulu / KML Google Earth Pro / MAIK","Status_Pen":"Tahun Sedia Ada","Sumber_Tah":"Tahun daripada dataset terdahulu; dikekalkan. Sumber khusus perlu dirujuk pada rekod asal/rujukan terdahulu.","ERA":"4 - Era Transformasi Pendidikan","TAHUN_ERA":"1971-2000","KATEGORI_I_MAAHAD":"Maahad Tahfiz","ASAS_KATEGORI":"Nama menyebut Maahad Tahfiz","STATUS_SAH_KATEGORI":"Belum disahkan","FUNGSI_PENDIDIKAN":"Belum disahkan"}},{"type":"Feature","id":35,"geometry":{"type":"Point","coordinates":[100.3468466,6.178073300000109]},"properties":{"FID":35,"ID":36,"Nama_Madra":"Maahad Tahfiz Darul Quraan","Alamat":"51, K141, Kampung Sungai Baru, 06250 Alor Setar, Kedah","Daerah":"KOTA SETAR","Telefon":"018-224 1244","Latitud":6.178073,"Longitud":100.346847,"Nama_Penga":"Almarhum Al-Fadhil Ustaz Husain bin Jusoh bersama sahabat-sahabat beliau","Tahun_Dibu":"Tidak Ditemui","Status__Ak":"Aktif","Kategori_D":"Institusi Semasa","Sumber___R":"Data gabungan terdahulu / KML Google Earth Pro / MAIK","Status_Pen":"Tidak Ditemui","Sumber_Tah":"Carian menyeluruh web 02-10-2026 — tiada bukti tahun pembukaan yang cukup kukuh ditemui","ERA":"Tidak Ditemui","TAHUN_ERA":"Tidak Ditemui","KATEGORI_I_MAAHAD":"Maahad Tahfiz","ASAS_KATEGORI":"Nama menyebut Maahad Tahfiz","STATUS_SAH_KATEGORI":"Belum disahkan","FUNGSI_PENDIDIKAN":"Belum disahkan"}},{"type":"Feature","id":36,"geometry":{"type":"Point","coordinates":[100.3685591,6.161388200000079]},"properties":{"FID":36,"ID":37,"Nama_Madra":"MAAHAD TAHFIZ IMAM AL-JAZARI","Alamat":"209, Jalan Anak Bukit, Alor Merah, 06550 Alor Setar, Kedah","Daerah":"KOTA SETAR","Telefon":"012-215 5265","Latitud":6.161388,"Longitud":100.368559,"Nama_Penga":"Tidak Ditemui","Tahun_Dibu":"Tidak Ditemui","Status__Ak":"Aktif","Kategori_D":"Institusi Semasa","Sumber___R":"Data gabungan terdahulu / KML Google Earth Pro / MAIK","Status_Pen":"Tidak Ditemui","Sumber_Tah":"Carian menyeluruh web 02-10-2026 — tiada bukti tahun pembukaan yang cukup kukuh ditemui","ERA":"Tidak Ditemui","TAHUN_ERA":"Tidak Ditemui","KATEGORI_I_MAAHAD":"Maahad Tahfiz","ASAS_KATEGORI":"Nama menyebut Maahad Tahfiz","STATUS_SAH_KATEGORI":"Belum disahkan","FUNGSI_PENDIDIKAN":"Belum disahkan"}},{"type":"Feature","id":37,"geometry":{"type":"Point","coordinates":[100.3981243,6.101772100000049]},"properties":{"FID":37,"ID":38,"Nama_Madra":"Maahad Tahfiz Sulaimaniyyah Alor Setar (MTS Gerigis)","Alamat":"Lot 2204, Jln Datuk Kumbar, Kampung Gerigis, 05300 Alor Setar, Kedah","Daerah":"KOTA SETAR","Telefon":"019-670 1498","Latitud":6.101772,"Longitud":100.398124,"Nama_Penga":"Tidak Ditemui","Tahun_Dibu":"Tidak Ditemui","Status__Ak":"Aktif","Kategori_D":"Institusi Semasa","Sumber___R":"Data gabungan terdahulu / KML Google Earth Pro / MAIK","Status_Pen":"Tidak Ditemui","Sumber_Tah":"Carian menyeluruh web 02-10-2026 — tiada bukti tahun pembukaan yang cukup kukuh ditemui","ERA":"Tidak Ditemui","TAHUN_ERA":"Tidak Ditemui","KATEGORI_I_MAAHAD":"Maahad Tahfiz","ASAS_KATEGORI":"Nama menyebut Maahad Tahfiz","STATUS_SAH_KATEGORI":"Belum disahkan","FUNGSI_PENDIDIKAN":"Belum disahkan"}},{"type":"Feature","id":38,"geometry":{"type":"Point","coordinates":[100.4302256,6.148154800000029]},"properties":{"FID":38,"ID":39,"Nama_Madra":"Maahad Tahfizul Quran Langgar","Alamat":"Jalan Makam Diraja Langgar, 06500 Alor Setar, Kedah","Daerah":"KOTA SETAR","Telefon":"019-416 6996","Latitud":6.148155,"Longitud":100.430226,"Nama_Penga":"Tidak Ditemui","Tahun_Dibu":"Tidak Ditemui","Status__Ak":"Aktif","Kategori_D":"Institusi Semasa","Sumber___R":"Data gabungan terdahulu / KML Google Earth Pro / MAIK","Status_Pen":"Tidak Ditemui","Sumber_Tah":"Carian menyeluruh web 02-10-2026 — tiada bukti tahun pembukaan yang cukup kukuh ditemui","ERA":"Tidak Ditemui","TAHUN_ERA":"Tidak Ditemui","KATEGORI_I_MAAHAD":"Maahad Tahfiz","ASAS_KATEGORI":"Nama menyebut Maahad Tahfiz","STATUS_SAH_KATEGORI":"Belum disahkan","FUNGSI_PENDIDIKAN":"Belum disahkan"}},{"type":"Feature","id":39,"geometry":{"type":"Point","coordinates":[100.4276382,6.19466190000003]},"properties":{"FID":39,"ID":40,"Nama_Madra":"Madrasah Al-Quran Pinang Jaya","Alamat":"Unnamed Rd, 06200 Kepala Batas, Kedah","Daerah":"KOTA SETAR","Telefon":"04-714 1170","Latitud":6.194662,"Longitud":100.427638,"Nama_Penga":"Tidak Ditemui","Tahun_Dibu":"Tidak Ditemui","Status__Ak":"Aktif","Kategori_D":"Institusi Semasa","Sumber___R":"Data gabungan terdahulu / KML Google Earth Pro / MAIK","Status_Pen":"Tidak Ditemui","Sumber_Tah":"Carian menyeluruh web 02-10-2026 — tiada bukti tahun pembukaan yang cukup kukuh ditemui","ERA":"Tidak Ditemui","TAHUN_ERA":"Tidak Ditemui","KATEGORI_I_MAAHAD":"Maahad / Madrasah Lain","ASAS_KATEGORI":"Nama menyebut Maahad atau Madrasah tanpa Tahfiz yang jelas","STATUS_SAH_KATEGORI":"Belum disahkan","FUNGSI_PENDIDIKAN":"Belum disahkan"}},{"type":"Feature","id":40,"geometry":{"type":"Point","coordinates":[100.4157828,6.067315800000037]},"properties":{"FID":40,"ID":41,"Nama_Madra":"Madrasah At-Taklimiah Al-Khairiah","Alamat":"3, K515, Kampung Tok Keling, 05400 Alor Setar, Kedah","Daerah":"KOTA SETAR","Telefon":"Tidak Diketahui","Latitud":6.067316,"Longitud":100.415783,"Nama_Penga":"Allahyarham Ustaz Haji Muhammad Shauki bin Haji Ibrahim","Tahun_Dibu":"1992","Status__Ak":"Aktif","Kategori_D":"Institusi Semasa","Sumber___R":"Data gabungan terdahulu / KML Google Earth Pro / MAIK","Status_Pen":"Tahun Sedia Ada","Sumber_Tah":"Tahun daripada dataset terdahulu; dikekalkan. Sumber khusus perlu dirujuk pada rekod asal/rujukan terdahulu.","ERA":"4 - Era Transformasi Pendidikan","TAHUN_ERA":"1971-2000","KATEGORI_I_MAAHAD":"Maahad / Madrasah Lain","ASAS_KATEGORI":"Nama menyebut Maahad atau Madrasah tanpa Tahfiz yang jelas","STATUS_SAH_KATEGORI":"Belum disahkan","FUNGSI_PENDIDIKAN":"Belum disahkan"}},{"type":"Feature","id":41,"geometry":{"type":"Point","coordinates":[100.4216967,6.161016600000035]},"properties":{"FID":41,"ID":42,"Nama_Madra":"Pondok Darul Hidayah","Alamat":"Kampung Mati, Langgar, Kedah","Daerah":"KOTA SETAR","Telefon":"Tidak Diketahui","Latitud":6.161017,"Longitud":100.421697,"Nama_Penga":"Tidak Ditemui","Tahun_Dibu":"Tidak Ditemui","Status__Ak":"Aktif","Kategori_D":"Institusi Semasa","Sumber___R":"Data gabungan terdahulu / KML Google Earth Pro / MAIK","Status_Pen":"Tidak Ditemui","Sumber_Tah":"Carian menyeluruh web 02-10-2026 — tiada bukti tahun pembukaan yang cukup kukuh ditemui","ERA":"Tidak Ditemui","TAHUN_ERA":"Tidak Ditemui","KATEGORI_I_MAAHAD":"Pondok","ASAS_KATEGORI":"Nama menyebut Pondok","STATUS_SAH_KATEGORI":"Belum disahkan","FUNGSI_PENDIDIKAN":"Belum disahkan"}},{"type":"Feature","id":42,"geometry":{"type":"Point","coordinates":[100.3637263,6.098410700000082]},"properties":{"FID":42,"ID":43,"Nama_Madra":"Sekolah Menengah Agama Al-Maahad Addin","Alamat":"Jalan Persiaran Sultan Abdul Hamid, Taman Teratai Jingga, 05050 Alor Setar, Kedah","Daerah":"KOTA SETAR","Telefon":"04-772 4432","Latitud":6.098411,"Longitud":100.363726,"Nama_Penga":"Tidak Ditemui","Tahun_Dibu":"Tidak Ditemui","Status__Ak":"Aktif","Kategori_D":"Institusi Semasa","Sumber___R":"Data gabungan terdahulu / KML Google Earth Pro / MAIK","Status_Pen":"Tidak Ditemui","Sumber_Tah":"Carian menyeluruh web 02-10-2026 — tiada bukti tahun pembukaan yang cukup kukuh ditemui","ERA":"Tidak Ditemui","TAHUN_ERA":"Tidak Ditemui","KATEGORI_I_MAAHAD":"Maahad / Madrasah Lain","ASAS_KATEGORI":"Nama menyebut Maahad atau Madrasah tanpa Tahfiz yang jelas","STATUS_SAH_KATEGORI":"Belum disahkan","FUNGSI_PENDIDIKAN":"Belum disahkan"}},{"type":"Feature","id":43,"geometry":{"type":"Point","coordinates":[100.4007037,6.20258590000005]},"properties":{"FID":43,"ID":44,"Nama_Madra":"Sekolah Menengah Agama Darussaadah","Alamat":"Kampung Titi Besi, 06550 Alor Setar, Kedah","Daerah":"KOTA SETAR","Telefon":"04-714 3661","Latitud":6.202586,"Longitud":100.400704,"Nama_Penga":"Tuan Haji Hussin bin Hassan","Tahun_Dibu":"1918","Status__Ak":"Aktif","Kategori_D":"Institusi Semasa","Sumber___R":"Data gabungan terdahulu / KML Google Earth Pro / MAIK","Status_Pen":"Tahun Sedia Ada","Sumber_Tah":"Tahun daripada dataset terdahulu; dikekalkan. Sumber khusus perlu dirujuk pada rekod asal/rujukan terdahulu.","ERA":"2 - Era Kebangkitan Pondok","TAHUN_ERA":"1900-1945","KATEGORI_I_MAAHAD":"Lain-lain Institusi Pengajian Islam","ASAS_KATEGORI":"Tidak memenuhi padanan nama kategori khusus","STATUS_SAH_KATEGORI":"Belum disahkan","FUNGSI_PENDIDIKAN":"Belum disahkan"}},{"type":"Feature","id":44,"geometry":{"type":"Point","coordinates":[100.4055947,6.120595300000042]},"properties":{"FID":44,"ID":45,"Nama_Madra":"SM Sains Tahfiz Alor Setar- SEMESTI","Alamat":"Jln Datuk Kumbar, 05300 Alor Setar, Kedah","Daerah":"KOTA SETAR","Telefon":"Tidak Diketahui","Latitud":6.120595,"Longitud":100.405595,"Nama_Penga":"Lembaga Pengelola Sekolah / Yayasan Takmir Pendidikan (ABIM Kedah)","Tahun_Dibu":"2012","Status__Ak":"Aktif","Kategori_D":"Institusi Semasa","Sumber___R":"Data gabungan terdahulu / KML Google Earth Pro / MAIK","Status_Pen":"Tahun Sedia Ada","Sumber_Tah":"Tahun daripada dataset terdahulu; dikekalkan. Sumber khusus perlu dirujuk pada rekod asal/rujukan terdahulu.","ERA":"5 - Era Pewarisan & Kelestarian","TAHUN_ERA":"2001-Kini","KATEGORI_I_MAAHAD":"Lain-lain Institusi Pengajian Islam","ASAS_KATEGORI":"Tidak memenuhi padanan nama kategori khusus","STATUS_SAH_KATEGORI":"Belum disahkan","FUNGSI_PENDIDIKAN":"Belum disahkan"}},{"type":"Feature","id":45,"geometry":{"type":"Point","coordinates":[100.4306287,6.145941900000029]},"properties":{"FID":45,"ID":46,"Nama_Madra":"SMA Makarimul Akhlak","Alamat":"Pekan Langgar Alor Star","Daerah":"KOTA SETAR","Telefon":"013-592 0934","Latitud":6.145942,"Longitud":100.430629,"Nama_Penga":"Tuan Guru Haji Abdullah bin Haji Yusuf (Haji Abdullah Kecik)","Tahun_Dibu":"1953","Status__Ak":"Aktif","Kategori_D":"Institusi Semasa","Sumber___R":"Data gabungan terdahulu / KML Google Earth Pro / MAIK","Status_Pen":"Tahun Sedia Ada","Sumber_Tah":"Tahun daripada dataset terdahulu; dikekalkan. Sumber khusus perlu dirujuk pada rekod asal/rujukan terdahulu.","ERA":"3 - Era Pengukuhan Warisan","TAHUN_ERA":"1946-1970","KATEGORI_I_MAAHAD":"Lain-lain Institusi Pengajian Islam","ASAS_KATEGORI":"Tidak memenuhi padanan nama kategori khusus","STATUS_SAH_KATEGORI":"Belum disahkan","FUNGSI_PENDIDIKAN":"Belum disahkan"}},{"type":"Feature","id":46,"geometry":{"type":"Point","coordinates":[100.39214,6.205060000000057]},"properties":{"FID":46,"ID":127,"Nama_Madra":"PONDOK ALOR GANU","Alamat":"Alor Ganu / Titi Besi, Kepala Batas, Kedah","Daerah":"KOTA SETAR","Telefon":"Tidak Ditemui","Latitud":6.20506,"Longitud":100.39214,"Nama_Penga":"Tuan Hussain Kedah","Tahun_Dibu":"1897","Status__Ak":"Ditutup","Kategori_D":"Lokasi Sejarah","Sumber___R":"Data gabungan terdahulu / KML Google Earth Pro / MAIK","Status_Pen":"Tahun Sedia Ada","Sumber_Tah":"Tahun daripada dataset terdahulu; dikekalkan. Sumber khusus perlu dirujuk pada rekod asal/rujukan terdahulu.","ERA":"1 - Era Akar Ilmu","TAHUN_ERA":"Sebelum 1900","KATEGORI_I_MAAHAD":"Pondok","ASAS_KATEGORI":"Nama menyebut Pondok","STATUS_SAH_KATEGORI":"Belum disahkan","FUNGSI_PENDIDIKAN":"Belum disahkan"}},{"type":"Feature","id":47,"geometry":{"type":"Point","coordinates":[100.26954,6.20971000000027]},"properties":{"FID":47,"ID":128,"Nama_Madra":"PONDOK BOHOR","Alamat":"Bohor, Kedah (padanan kerja: Bohor Karang)","Daerah":"KOTA SETAR","Telefon":"Tidak Ditemui","Latitud":6.20971,"Longitud":100.26954,"Nama_Penga":"Tuan Hussain Kedah","Tahun_Dibu":"1900","Status__Ak":"Ditutup","Kategori_D":"Lokasi Sejarah","Sumber___R":"Data gabungan terdahulu / KML Google Earth Pro / MAIK","Status_Pen":"Tahun Sedia Ada","Sumber_Tah":"Tahun daripada dataset terdahulu; dikekalkan. Sumber khusus perlu dirujuk pada rekod asal/rujukan terdahulu.","ERA":"2 - Era Kebangkitan Pondok","TAHUN_ERA":"1900-1945","KATEGORI_I_MAAHAD":"Pondok","ASAS_KATEGORI":"Nama menyebut Pondok","STATUS_SAH_KATEGORI":"Belum disahkan","FUNGSI_PENDIDIKAN":"Belum disahkan"}},{"type":"Feature","id":48,"geometry":{"type":"Point","coordinates":[100.36,6.0780000000000864]},"properties":{"FID":48,"ID":129,"Nama_Madra":"PONDOK TANDOP","Alamat":"Tandop, Alor Setar, Kedah; pondok sejarah di belakang masjid kampung","Daerah":"KOTA SETAR","Telefon":"Tidak Ditemui","Latitud":6.078,"Longitud":100.36,"Nama_Penga":"Tuan Guru Haji Abdul Ghani","Tahun_Dibu":"1925","Status__Ak":"Ditutup","Kategori_D":"Lokasi Sejarah","Sumber___R":"Data gabungan terdahulu / KML Google Earth Pro / MAIK","Status_Pen":"Tahun Sedia Ada","Sumber_Tah":"Tahun daripada dataset terdahulu; dikekalkan. Sumber khusus perlu dirujuk pada rekod asal/rujukan terdahulu.","ERA":"2 - Era Kebangkitan Pondok","TAHUN_ERA":"1900-1945","KATEGORI_I_MAAHAD":"Pondok","ASAS_KATEGORI":"Nama menyebut Pondok","STATUS_SAH_KATEGORI":"Belum disahkan","FUNGSI_PENDIDIKAN":"Belum disahkan"}},{"type":"Feature","id":49,"geometry":{"type":"Point","coordinates":[100.393258,6.201893000000056]},"properties":{"FID":49,"ID":130,"Nama_Madra":"PONDOK TITI GAJAH","Alamat":"Titi Gajah, Alor Setar, Kedah","Daerah":"KOTA SETAR","Telefon":"Tidak Ditemui","Latitud":6.201893,"Longitud":100.393258,"Nama_Penga":"Tuan Hussain Kedah","Tahun_Dibu":"1896","Status__Ak":"Ditutup","Kategori_D":"Lokasi Sejarah","Sumber___R":"Data gabungan terdahulu / KML Google Earth Pro / MAIK","Status_Pen":"Tahun Sedia Ada","Sumber_Tah":"Tahun daripada dataset terdahulu; dikekalkan. Sumber khusus perlu dirujuk pada rekod asal/rujukan terdahulu.","ERA":"1 - Era Akar Ilmu","TAHUN_ERA":"Sebelum 1900","KATEGORI_I_MAAHAD":"Pondok","ASAS_KATEGORI":"Nama menyebut Pondok","STATUS_SAH_KATEGORI":"Belum disahkan","FUNGSI_PENDIDIKAN":"Belum disahkan"}},{"type":"Feature","id":50,"geometry":{"type":"Point","coordinates":[100.45957092103814,5.675618164107775]},"properties":{"FID":50,"ID":47,"Nama_Madra":"Akademi Darul Ilmi (ADI)","Alamat":"Lot 5552, Kampung Che Bema, Sungai Layar Hujung, 08000 Sungai Petani, Kedah","Daerah":"KUALA MUDA","Telefon":"013-815 2060","Latitud":5.67669,"Longitud":100.46341,"Nama_Penga":"Al-Fadhil Ustaz Mohamad Wadi Annuar bin Ayub","Tahun_Dibu":"2018","Status__Ak":"Aktif","Kategori_D":"Institusi Semasa","Sumber___R":"Data gabungan terdahulu / KML Google Earth Pro / MAIK","Status_Pen":"Tahun Sedia Ada","Sumber_Tah":"Tahun daripada dataset terdahulu; dikekalkan. Sumber khusus perlu dirujuk pada rekod asal/rujukan terdahulu.","ERA":"5 - Era Pewarisan & Kelestarian","TAHUN_ERA":"2001-Kini","KATEGORI_I_MAAHAD":"Lain-lain Institusi Pengajian Islam","ASAS_KATEGORI":"Tidak memenuhi padanan nama kategori khusus","STATUS_SAH_KATEGORI":"Belum disahkan","FUNGSI_PENDIDIKAN":"Belum disahkan"}},{"type":"Feature","id":51,"geometry":{"type":"Point","coordinates":[100.4815827,5.647014000000007]},"properties":{"FID":51,"ID":48,"Nama_Madra":"KOMPLEKS MAAHAD TAHFIZ INTAN (TINTA)","Alamat":"11B, Jalan Syed Osman Idid, Kampung Teroi, 08000 Sungai Petani, Kedah","Daerah":"KUALA MUDA","Telefon":"010-564 3032","Latitud":5.647014,"Longitud":100.481583,"Nama_Penga":"Tidak Ditemui","Tahun_Dibu":"2015","Status__Ak":"Aktif","Kategori_D":"Institusi Semasa","Sumber___R":"Laman rasmi Maahad Tahfiz Intan — cetusan ilham/gerak kerja pada 24 Ogos 2015: https://www.maahadtahfizintan.my/page/pagedetail.php?schid=35&schname=PROFILE+MAAHAD","Status_Pen":"Disahkan","Sumber_Tah":"Laman rasmi Maahad Tahfiz Intan — cetusan ilham/gerak kerja pada 24 Ogos 2015: https://www.maahadtahfizintan.my/page/pagedetail.php?schid=35&schname=PROFILE+MAAHAD","ERA":"5 - Era Pewarisan & Kelestarian","TAHUN_ERA":"2001-Kini","KATEGORI_I_MAAHAD":"Maahad Tahfiz","ASAS_KATEGORI":"Nama menyebut Maahad Tahfiz","STATUS_SAH_KATEGORI":"Belum disahkan","FUNGSI_PENDIDIKAN":"Belum disahkan"}},{"type":"Feature","id":52,"geometry":{"type":"Point","coordinates":[100.6499239,5.8245297]},"properties":{"FID":52,"ID":49,"Nama_Madra":"Maahad Al Tarbiah Al Islamiah Al Wataniah","Alamat":"Unnamed Road, 08210 Jeniang, Kedah","Daerah":"KUALA MUDA","Telefon":"013-419 7050","Latitud":5.82453,"Longitud":100.649924,"Nama_Penga":"Tidak Ditemui","Tahun_Dibu":"Tidak Ditemui","Status__Ak":"Aktif","Kategori_D":"Institusi Semasa","Sumber___R":"Data gabungan terdahulu / KML Google Earth Pro / MAIK","Status_Pen":"Tidak Ditemui","Sumber_Tah":"Carian menyeluruh web 02-10-2026 — tiada bukti tahun pembukaan yang cukup kukuh ditemui","ERA":"Tidak Ditemui","TAHUN_ERA":"Tidak Ditemui","KATEGORI_I_MAAHAD":"Maahad / Madrasah Lain","ASAS_KATEGORI":"Nama menyebut Maahad atau Madrasah tanpa Tahfiz yang jelas","STATUS_SAH_KATEGORI":"Belum disahkan","FUNGSI_PENDIDIKAN":"Belum disahkan"}},{"type":"Feature","id":53,"geometry":{"type":"Point","coordinates":[100.4628589,5.71138520000001]},"properties":{"FID":53,"ID":50,"Nama_Madra":"Maahad Jabal Nur , Pondok Semeling","Alamat":"16, K1, Semeling, 08100 Bedong, Kedah","Daerah":"KUALA MUDA","Telefon":"019-413 7890","Latitud":5.711385,"Longitud":100.462859,"Nama_Penga":"Allahyarham Tuan Guru Ustaz Ahmad Lutfhi bin Abu Seman (Pak Ngah)","Tahun_Dibu":"1999","Status__Ak":"Aktif","Kategori_D":"Institusi Semasa","Sumber___R":"Data gabungan terdahulu / KML Google Earth Pro / MAIK","Status_Pen":"Tahun Sedia Ada","Sumber_Tah":"Tahun daripada dataset terdahulu; dikekalkan. Sumber khusus perlu dirujuk pada rekod asal/rujukan terdahulu.","ERA":"4 - Era Transformasi Pendidikan","TAHUN_ERA":"1971-2000","KATEGORI_I_MAAHAD":"Pondok","ASAS_KATEGORI":"Nama menyebut Pondok","STATUS_SAH_KATEGORI":"Belum disahkan","FUNGSI_PENDIDIKAN":"Belum disahkan"}},{"type":"Feature","id":54,"geometry":{"type":"Point","coordinates":[100.5213725,5.560293200000003]},"properties":{"FID":54,"ID":51,"Nama_Madra":"MAAHAD KHALIFAH AN NUR","Alamat":"Lot 658, Kampung Sg Kong, Jalan Pantai Perai, 08000 Sungai Petani, Kedah","Daerah":"KUALA MUDA","Telefon":"019-480 1374","Latitud":5.560293,"Longitud":100.521372,"Nama_Penga":"Tidak Ditemui","Tahun_Dibu":"2015","Status__Ak":"Aktif","Kategori_D":"Institusi Semasa","Sumber___R":"SIMPENI — Tarikh Ditubuhkan Maahad Khalifah An Nur: 09-02-2015: https://simpeni.islam.gov.my/pages/semakan_sekolah_view.php?sek_id=11698","Status_Pen":"Disahkan","Sumber_Tah":"SIMPENI — Tarikh Ditubuhkan Maahad Khalifah An Nur: 09-02-2015: https://simpeni.islam.gov.my/pages/semakan_sekolah_view.php?sek_id=11698","ERA":"5 - Era Pewarisan & Kelestarian","TAHUN_ERA":"2001-Kini","KATEGORI_I_MAAHAD":"Maahad / Madrasah Lain","ASAS_KATEGORI":"Nama menyebut Maahad atau Madrasah tanpa Tahfiz yang jelas","STATUS_SAH_KATEGORI":"Belum disahkan","FUNGSI_PENDIDIKAN":"Belum disahkan"}},{"type":"Feature","id":55,"geometry":{"type":"Point","coordinates":[100.5281279,5.721886100000001]},"properties":{"FID":55,"ID":52,"Nama_Madra":"Maahad Tahfiz Ahmadiah (Perempuan)","Alamat":"28030, Permaipura Golf & Country Club, Jalan Permaipura 5, 08100 Bedong, Kedah","Daerah":"KUALA MUDA","Telefon":"04-459 4622","Latitud":5.721886,"Longitud":100.528128,"Nama_Penga":"Tidak Ditemui","Tahun_Dibu":"Tidak Ditemui","Status__Ak":"Aktif","Kategori_D":"Institusi Semasa","Sumber___R":"Data gabungan terdahulu / KML Google Earth Pro / MAIK","Status_Pen":"Tidak Ditemui","Sumber_Tah":"Carian menyeluruh web 02-10-2026 — tiada bukti tahun pembukaan yang cukup kukuh ditemui","ERA":"Tidak Ditemui","TAHUN_ERA":"Tidak Ditemui","KATEGORI_I_MAAHAD":"Maahad Tahfiz","ASAS_KATEGORI":"Nama menyebut Maahad Tahfiz","STATUS_SAH_KATEGORI":"Belum disahkan","FUNGSI_PENDIDIKAN":"Belum disahkan"}},{"type":"Feature","id":56,"geometry":{"type":"Point","coordinates":[100.4960814,5.671470200000004]},"properties":{"FID":56,"ID":53,"Nama_Madra":"Maahad Tahfiz Al - Quran Sungai Petani","Alamat":"Kg. HudaJalan Taman Desa Jaya, Kedah, 08000 Sungai Petani","Daerah":"KUALA MUDA","Telefon":"04-421 0499","Latitud":5.67147,"Longitud":100.496081,"Nama_Penga":"Tidak Ditemui","Tahun_Dibu":"Tidak Ditemui","Status__Ak":"Aktif","Kategori_D":"Institusi Semasa","Sumber___R":"Data gabungan terdahulu / KML Google Earth Pro / MAIK","Status_Pen":"Tidak Ditemui","Sumber_Tah":"Carian menyeluruh web 02-10-2026 — tiada bukti tahun pembukaan yang cukup kukuh ditemui","ERA":"Tidak Ditemui","TAHUN_ERA":"Tidak Ditemui","KATEGORI_I_MAAHAD":"Maahad Tahfiz","ASAS_KATEGORI":"Nama menyebut Maahad Tahfiz","STATUS_SAH_KATEGORI":"Belum disahkan","FUNGSI_PENDIDIKAN":"Belum disahkan"}},{"type":"Feature","id":57,"geometry":{"type":"Point","coordinates":[100.3753947,5.586185400000053]},"properties":{"FID":57,"ID":54,"Nama_Madra":"Maahad Tahfiz Al - Quran Ummal Qurra (P)","Alamat":"No. 8, Kg. Alor Nibong, Kedah Darul Aman, 08500 Kota Kuala Muda","Daerah":"KUALA MUDA","Telefon":"04-437 6030","Latitud":5.586185,"Longitud":100.375395,"Nama_Penga":"Tuan Haji Saaidin bin Lazim / pengurusan Ummul Qura","Tahun_Dibu":"2018","Status__Ak":"Aktif","Kategori_D":"Institusi Semasa","Sumber___R":"Data gabungan terdahulu / KML Google Earth Pro / MAIK","Status_Pen":"Tahun Sedia Ada","Sumber_Tah":"Tahun daripada dataset terdahulu; dikekalkan. Sumber khusus perlu dirujuk pada rekod asal/rujukan terdahulu.","ERA":"5 - Era Pewarisan & Kelestarian","TAHUN_ERA":"2001-Kini","KATEGORI_I_MAAHAD":"Maahad Tahfiz","ASAS_KATEGORI":"Nama menyebut Maahad Tahfiz","STATUS_SAH_KATEGORI":"Belum disahkan","FUNGSI_PENDIDIKAN":"Belum disahkan"}},{"type":"Feature","id":58,"geometry":{"type":"Point","coordinates":[100.4827068,5.633072800000006]},"properties":{"FID":58,"ID":55,"Nama_Madra":"Maahad tahfiz al munawarah sungai petani","Alamat":"311 H, Jalan Bakar Arang, Bakar Arang, 08000 Sungai Petani, Kedah","Daerah":"KUALA MUDA","Telefon":"010-529 5295","Latitud":5.633073,"Longitud":100.482707,"Nama_Penga":"Tidak Ditemui","Tahun_Dibu":"Tidak Ditemui","Status__Ak":"Aktif","Kategori_D":"Institusi Semasa","Sumber___R":"Data gabungan terdahulu / KML Google Earth Pro / MAIK","Status_Pen":"Tidak Ditemui","Sumber_Tah":"Carian menyeluruh web 02-10-2026 — tiada bukti tahun pembukaan yang cukup kukuh ditemui","ERA":"Tidak Ditemui","TAHUN_ERA":"Tidak Ditemui","KATEGORI_I_MAAHAD":"Maahad Tahfiz","ASAS_KATEGORI":"Nama menyebut Maahad Tahfiz","STATUS_SAH_KATEGORI":"Belum disahkan","FUNGSI_PENDIDIKAN":"Belum disahkan"}},{"type":"Feature","id":59,"geometry":{"type":"Point","coordinates":[100.4692921,5.57830690000001]},"properties":{"FID":59,"ID":56,"Nama_Madra":"Maahad Tahfiz Al-Islah","Alamat":"08000 Sungai Petani, Kedah","Daerah":"KUALA MUDA","Telefon":"011-1090 7866","Latitud":5.578307,"Longitud":100.469292,"Nama_Penga":"Tidak Ditemui","Tahun_Dibu":"Tidak Ditemui","Status__Ak":"Aktif","Kategori_D":"Institusi Semasa","Sumber___R":"Data gabungan terdahulu / KML Google Earth Pro / MAIK","Status_Pen":"Tidak Ditemui","Sumber_Tah":"Carian menyeluruh web 02-10-2026 — tiada bukti tahun pembukaan yang cukup kukuh ditemui","ERA":"Tidak Ditemui","TAHUN_ERA":"Tidak Ditemui","KATEGORI_I_MAAHAD":"Maahad Tahfiz","ASAS_KATEGORI":"Nama menyebut Maahad Tahfiz","STATUS_SAH_KATEGORI":"Belum disahkan","FUNGSI_PENDIDIKAN":"Belum disahkan"}},{"type":"Feature","id":60,"geometry":{"type":"Point","coordinates":[100.4698779,5.583174800000009]},"properties":{"FID":60,"ID":57,"Nama_Madra":"MAAHAD TAHFIZ AL-QURAN AS-SIDDIQ","Alamat":"08600 Sungai Petani, Kedah","Daerah":"KUALA MUDA","Telefon":"Tidak Diketahui","Latitud":5.583175,"Longitud":100.469878,"Nama_Penga":"Tidak Ditemui","Tahun_Dibu":"Tidak Ditemui","Status__Ak":"Aktif","Kategori_D":"Institusi Semasa","Sumber___R":"Data gabungan terdahulu / KML Google Earth Pro / MAIK","Status_Pen":"Tidak Ditemui","Sumber_Tah":"Carian menyeluruh web 02-10-2026 — tiada bukti tahun pembukaan yang cukup kukuh ditemui","ERA":"Tidak Ditemui","TAHUN_ERA":"Tidak Ditemui","KATEGORI_I_MAAHAD":"Maahad Tahfiz","ASAS_KATEGORI":"Nama menyebut Maahad Tahfiz","STATUS_SAH_KATEGORI":"Belum disahkan","FUNGSI_PENDIDIKAN":"Belum disahkan"}},{"type":"Feature","id":61,"geometry":{"type":"Point","coordinates":[100.3791748,5.59851870000005]},"properties":{"FID":61,"ID":58,"Nama_Madra":"Maahad Tahfiz Al-Quran Ummul Qura (Lelaki)","Alamat":"Lot 726, Kampung Alor Nibong, 08500 Kota Kuala Muda, Kedah","Daerah":"KUALA MUDA","Telefon":"012-456 0549","Latitud":5.598519,"Longitud":100.379175,"Nama_Penga":"Tuan Haji Saaidin bin Lazim","Tahun_Dibu":"1997","Status__Ak":"Aktif","Kategori_D":"Institusi Semasa","Sumber___R":"Data gabungan terdahulu / KML Google Earth Pro / MAIK","Status_Pen":"Tahun Sedia Ada","Sumber_Tah":"Tahun daripada dataset terdahulu; dikekalkan. Sumber khusus perlu dirujuk pada rekod asal/rujukan terdahulu.","ERA":"4 - Era Transformasi Pendidikan","TAHUN_ERA":"1971-2000","KATEGORI_I_MAAHAD":"Maahad Tahfiz","ASAS_KATEGORI":"Nama menyebut Maahad Tahfiz","STATUS_SAH_KATEGORI":"Belum disahkan","FUNGSI_PENDIDIKAN":"Belum disahkan"}},{"type":"Feature","id":62,"geometry":{"type":"Point","coordinates":[100.3553592,5.658328900000073]},"properties":{"FID":62,"ID":59,"Nama_Madra":"MAAHAD TAHFIZ AL-QURAN WATTHURATH","Alamat":"Lot 284, kg.Teluk Nipah, Jalan Pantai Merdeka, 08500 Kota Kuala Muda, Kedah","Daerah":"KUALA MUDA","Telefon":"019-447 7392","Latitud":5.658329,"Longitud":100.355359,"Nama_Penga":"Tidak Ditemui","Tahun_Dibu":"Tidak Ditemui","Status__Ak":"Aktif","Kategori_D":"Institusi Semasa","Sumber___R":"Data gabungan terdahulu / KML Google Earth Pro / MAIK","Status_Pen":"Tidak Ditemui","Sumber_Tah":"Carian menyeluruh web 02-10-2026 — tiada bukti tahun pembukaan yang cukup kukuh ditemui","ERA":"Tidak Ditemui","TAHUN_ERA":"Tidak Ditemui","KATEGORI_I_MAAHAD":"Maahad Tahfiz","ASAS_KATEGORI":"Nama menyebut Maahad Tahfiz","STATUS_SAH_KATEGORI":"Belum disahkan","FUNGSI_PENDIDIKAN":"Belum disahkan"}},{"type":"Feature","id":63,"geometry":{"type":"Point","coordinates":[100.5354773,5.604112200000001]},"properties":{"FID":63,"ID":60,"Nama_Madra":"Maahad Tahfiz AlQuran Imam Abu Hanifah","Alamat":"310, 310, Jalan Bandar Puteri Jaya 3/5, Bandar Puteri Jaya, 08000 Sungai Petani, Kedah","Daerah":"KUALA MUDA","Telefon":"011-1306 4488","Latitud":5.604112,"Longitud":100.535477,"Nama_Penga":"Tidak Ditemui","Tahun_Dibu":"Tidak Ditemui","Status__Ak":"Aktif","Kategori_D":"Institusi Semasa","Sumber___R":"Data gabungan terdahulu / KML Google Earth Pro / MAIK","Status_Pen":"Tidak Ditemui","Sumber_Tah":"Carian menyeluruh web 02-10-2026 — tiada bukti tahun pembukaan yang cukup kukuh ditemui","ERA":"Tidak Ditemui","TAHUN_ERA":"Tidak Ditemui","KATEGORI_I_MAAHAD":"Maahad Tahfiz","ASAS_KATEGORI":"Nama menyebut Maahad Tahfiz","STATUS_SAH_KATEGORI":"Belum disahkan","FUNGSI_PENDIDIKAN":"Belum disahkan"}},{"type":"Feature","id":64,"geometry":{"type":"Point","coordinates":[100.4481818,5.719369400000016]},"properties":{"FID":64,"ID":61,"Nama_Madra":"Maahad Tahfiz an-Nur","Alamat":"lot 132, Kampung Bukit Inas, simpang, 08100 Bedong, Kedah","Daerah":"KUALA MUDA","Telefon":"010-841 2629","Latitud":5.719369,"Longitud":100.448182,"Nama_Penga":"Tidak Ditemui","Tahun_Dibu":"Tidak Ditemui","Status__Ak":"Aktif","Kategori_D":"Institusi Semasa","Sumber___R":"Data gabungan terdahulu / KML Google Earth Pro / MAIK","Status_Pen":"Tidak Ditemui","Sumber_Tah":"Carian menyeluruh web 02-10-2026 — tiada bukti tahun pembukaan yang cukup kukuh ditemui","ERA":"Tidak Ditemui","TAHUN_ERA":"Tidak Ditemui","KATEGORI_I_MAAHAD":"Maahad Tahfiz","ASAS_KATEGORI":"Nama menyebut Maahad Tahfiz","STATUS_SAH_KATEGORI":"Belum disahkan","FUNGSI_PENDIDIKAN":"Belum disahkan"}},{"type":"Feature","id":65,"geometry":{"type":"Point","coordinates":[100.4342208,5.57973110000002]},"properties":{"FID":65,"ID":62,"Nama_Madra":"Maahad Tahfiz Barakah","Alamat":"Taman Setia Budi, 08600 Sungai Petani, Kedah","Daerah":"KUALA MUDA","Telefon":"Tidak Diketahui","Latitud":5.579731,"Longitud":100.434221,"Nama_Penga":"Tidak Ditemui","Tahun_Dibu":"Tidak Ditemui","Status__Ak":"Aktif","Kategori_D":"Institusi Semasa","Sumber___R":"Data gabungan terdahulu / KML Google Earth Pro / MAIK","Status_Pen":"Tidak Ditemui","Sumber_Tah":"Carian menyeluruh web 02-10-2026 — tiada bukti tahun pembukaan yang cukup kukuh ditemui","ERA":"Tidak Ditemui","TAHUN_ERA":"Tidak Ditemui","KATEGORI_I_MAAHAD":"Maahad Tahfiz","ASAS_KATEGORI":"Nama menyebut Maahad Tahfiz","STATUS_SAH_KATEGORI":"Belum disahkan","FUNGSI_PENDIDIKAN":"Belum disahkan"}},{"type":"Feature","id":66,"geometry":{"type":"Point","coordinates":[100.48852,5.580180700000005]},"properties":{"FID":66,"ID":63,"Nama_Madra":"MAAHAD TAHFIZ MUTMAINNAH LILBANIN","Alamat":"Lot 107 kg Tengah, Permatang Berangan, Sungai Petani,, 08000, Kedah","Daerah":"KUALA MUDA","Telefon":"04-433 8050","Latitud":5.580181,"Longitud":100.48852,"Nama_Penga":"Tidak Ditemui","Tahun_Dibu":"Tidak Ditemui","Status__Ak":"Aktif","Kategori_D":"Institusi Semasa","Sumber___R":"Data gabungan terdahulu / KML Google Earth Pro / MAIK","Status_Pen":"Tidak Ditemui","Sumber_Tah":"Carian menyeluruh web 02-10-2026 — tiada bukti tahun pembukaan yang cukup kukuh ditemui","ERA":"Tidak Ditemui","TAHUN_ERA":"Tidak Ditemui","KATEGORI_I_MAAHAD":"Maahad Tahfiz","ASAS_KATEGORI":"Nama menyebut Maahad Tahfiz","STATUS_SAH_KATEGORI":"Belum disahkan","FUNGSI_PENDIDIKAN":"Belum disahkan"}},{"type":"Feature","id":67,"geometry":{"type":"Point","coordinates":[100.4144493,5.625849800000029]},"properties":{"FID":67,"ID":64,"Nama_Madra":"Maahad Tahfiz Profesional","Alamat":"Lot 936, Kampung Teluk Ayer, Bukit Kechil, Mukim Simpor, Tikam Batu, 08600 Sungai Petani, Kedah","Daerah":"KUALA MUDA","Telefon":"011-3554 4037","Latitud":5.62585,"Longitud":100.414449,"Nama_Penga":"Tidak Ditemui","Tahun_Dibu":"Tidak Ditemui","Status__Ak":"Aktif","Kategori_D":"Institusi Semasa","Sumber___R":"Data gabungan terdahulu / KML Google Earth Pro / MAIK","Status_Pen":"Tidak Ditemui","Sumber_Tah":"Carian menyeluruh web 02-10-2026 — tiada bukti tahun pembukaan yang cukup kukuh ditemui","ERA":"Tidak Ditemui","TAHUN_ERA":"Tidak Ditemui","KATEGORI_I_MAAHAD":"Maahad Tahfiz","ASAS_KATEGORI":"Nama menyebut Maahad Tahfiz","STATUS_SAH_KATEGORI":"Belum disahkan","FUNGSI_PENDIDIKAN":"Belum disahkan"}},{"type":"Feature","id":68,"geometry":{"type":"Point","coordinates":[100.4591822,5.6686632000000134]},"properties":{"FID":68,"ID":65,"Nama_Madra":"Maahad Tahfiz Sulaimaniyyah KEDA Sg Petani","Alamat":"Desa KEDA, Kompleks Al Hidayah, Kg Che Bema, Sungai Layar Hujung, 08000 Sungai Petani, Kedah","Daerah":"KUALA MUDA","Telefon":"011-3602 0494","Latitud":5.668663,"Longitud":100.459182,"Nama_Penga":"Tidak Ditemui","Tahun_Dibu":"Tidak Ditemui","Status__Ak":"Aktif","Kategori_D":"Institusi Semasa","Sumber___R":"Data gabungan terdahulu / KML Google Earth Pro / MAIK","Status_Pen":"Tidak Ditemui","Sumber_Tah":"Carian menyeluruh web 02-10-2026 — tiada bukti tahun pembukaan yang cukup kukuh ditemui","ERA":"Tidak Ditemui","TAHUN_ERA":"Tidak Ditemui","KATEGORI_I_MAAHAD":"Maahad Tahfiz","ASAS_KATEGORI":"Nama menyebut Maahad Tahfiz","STATUS_SAH_KATEGORI":"Belum disahkan","FUNGSI_PENDIDIKAN":"Belum disahkan"}},{"type":"Feature","id":69,"geometry":{"type":"Point","coordinates":[100.5883319,5.7994257]},"properties":{"FID":69,"ID":66,"Nama_Madra":"Madrasah Al-Tahfiz Darul Bahrin","Alamat":"Kampung Batu Sembilan, 08300 Gurun, Kedah","Daerah":"KUALA MUDA","Telefon":"019-474 9010","Latitud":5.799426,"Longitud":100.588332,"Nama_Penga":"Tidak Ditemui","Tahun_Dibu":"Tidak Ditemui","Status__Ak":"Aktif","Kategori_D":"Institusi Semasa","Sumber___R":"Data gabungan terdahulu / KML Google Earth Pro / MAIK","Status_Pen":"Tidak Ditemui","Sumber_Tah":"Carian menyeluruh web 02-10-2026 — tiada bukti tahun pembukaan yang cukup kukuh ditemui","ERA":"Tidak Ditemui","TAHUN_ERA":"Tidak Ditemui","KATEGORI_I_MAAHAD":"Madrasah Tahfiz","ASAS_KATEGORI":"Nama menyebut Madrasah Tahfiz","STATUS_SAH_KATEGORI":"Belum disahkan","FUNGSI_PENDIDIKAN":"Belum disahkan"}},{"type":"Feature","id":70,"geometry":{"type":"Point","coordinates":[100.463927,5.647102800000011]},"properties":{"FID":70,"ID":67,"Nama_Madra":"Murtadha Dakwah Centre (MADAD)","Alamat":"Kampung Telok Jln Penghulu Him, Jalan Sungai Layar, 08000 Sungai Petani, Kedah","Daerah":"KUALA MUDA","Telefon":"014-601 9090","Latitud":5.647103,"Longitud":100.463927,"Nama_Penga":"Almarhum Ustaz Murtadha Yusof","Tahun_Dibu":"2018","Status__Ak":"Aktif","Kategori_D":"Institusi Semasa","Sumber___R":"Data gabungan terdahulu / KML Google Earth Pro / MAIK","Status_Pen":"Tahun Sedia Ada","Sumber_Tah":"Tahun daripada dataset terdahulu; dikekalkan. Sumber khusus perlu dirujuk pada rekod asal/rujukan terdahulu.","ERA":"5 - Era Pewarisan & Kelestarian","TAHUN_ERA":"2001-Kini","KATEGORI_I_MAAHAD":"Lain-lain Institusi Pengajian Islam","ASAS_KATEGORI":"Tidak memenuhi padanan nama kategori khusus","STATUS_SAH_KATEGORI":"Belum disahkan","FUNGSI_PENDIDIKAN":"Belum disahkan"}},{"type":"Feature","id":71,"geometry":{"type":"Point","coordinates":[100.5193461,5.713721900000003]},"properties":{"FID":71,"ID":68,"Nama_Madra":"PUSAT TAHFIZ","Alamat":"55a, Jln Bistari Jaya 7, Taman Bistari Jaya, 08100 Sungai Petani, Kedah","Daerah":"KUALA MUDA","Telefon":"Tidak Diketahui","Latitud":5.713722,"Longitud":100.519346,"Nama_Penga":"Tidak Ditemui","Tahun_Dibu":"Tidak Ditemui","Status__Ak":"Aktif","Kategori_D":"Institusi Semasa","Sumber___R":"Data gabungan terdahulu / KML Google Earth Pro / MAIK","Status_Pen":"Tidak Ditemui","Sumber_Tah":"Carian menyeluruh web 02-10-2026 — tiada bukti tahun pembukaan yang cukup kukuh ditemui","ERA":"Tidak Ditemui","TAHUN_ERA":"Tidak Ditemui","KATEGORI_I_MAAHAD":"Pusat Tahfiz","ASAS_KATEGORI":"Nama menyebut Pusat Tahfiz","STATUS_SAH_KATEGORI":"Belum disahkan","FUNGSI_PENDIDIKAN":"Belum disahkan"}},{"type":"Feature","id":72,"geometry":{"type":"Point","coordinates":[100.4702995,5.6791920000000085]},"properties":{"FID":72,"ID":69,"Nama_Madra":"Sekolah Tahfiz A-Quran Masjid Al-Amin","Alamat":"Sg. LayarKedah Darul Aman, 08000 Sg. Petani","Daerah":"KUALA MUDA","Telefon":"04-422 7078","Latitud":5.679192,"Longitud":100.470299,"Nama_Penga":"Tidak Ditemui","Tahun_Dibu":"Tidak Ditemui","Status__Ak":"Aktif","Kategori_D":"Institusi Semasa","Sumber___R":"Data gabungan terdahulu / KML Google Earth Pro / MAIK","Status_Pen":"Tidak Ditemui","Sumber_Tah":"Carian menyeluruh web 02-10-2026 — tiada bukti tahun pembukaan yang cukup kukuh ditemui","ERA":"Tidak Ditemui","TAHUN_ERA":"Tidak Ditemui","KATEGORI_I_MAAHAD":"Lain-lain Institusi Pengajian Islam","ASAS_KATEGORI":"Tidak memenuhi padanan nama kategori khusus","STATUS_SAH_KATEGORI":"Belum disahkan","FUNGSI_PENDIDIKAN":"Belum disahkan"}},{"type":"Feature","id":73,"geometry":{"type":"Point","coordinates":[100.5272902,5.630413100000002]},"properties":{"FID":73,"ID":70,"Nama_Madra":"Smart Tahfiz Darul Bayan (STADY)","Alamat":"Jalan Songket Indah 1, 08000 Sungai Petani, Kedah","Daerah":"KUALA MUDA","Telefon":"011-5868 0250","Latitud":5.630413,"Longitud":100.52729,"Nama_Penga":"Tidak Ditemui","Tahun_Dibu":"Tidak Ditemui","Status__Ak":"Aktif","Kategori_D":"Institusi Semasa","Sumber___R":"Data gabungan terdahulu / KML Google Earth Pro / MAIK","Status_Pen":"Tidak Ditemui","Sumber_Tah":"Carian menyeluruh web 02-10-2026 — tiada bukti tahun pembukaan yang cukup kukuh ditemui","ERA":"Tidak Ditemui","TAHUN_ERA":"Tidak Ditemui","KATEGORI_I_MAAHAD":"Lain-lain Institusi Pengajian Islam","ASAS_KATEGORI":"Tidak memenuhi padanan nama kategori khusus","STATUS_SAH_KATEGORI":"Belum disahkan","FUNGSI_PENDIDIKAN":"Belum disahkan"}},{"type":"Feature","id":74,"geometry":{"type":"Point","coordinates":[100.36702,5.666130000000063]},"properties":{"FID":74,"ID":131,"Nama_Madra":"PONDOK BAGAN ULU","Alamat":"Bagan Ulu / Pantai Merdeka, Kedah","Daerah":"KUALA MUDA","Telefon":"Tidak Ditemui","Latitud":5.66613,"Longitud":100.36702,"Nama_Penga":"Tuan Hussain Kedah","Tahun_Dibu":"1912","Status__Ak":"Ditutup","Kategori_D":"Lokasi Sejarah","Sumber___R":"Data gabungan terdahulu / KML Google Earth Pro / MAIK","Status_Pen":"Tahun Sedia Ada","Sumber_Tah":"Tahun daripada dataset terdahulu; dikekalkan. Sumber khusus perlu dirujuk pada rekod asal/rujukan terdahulu.","ERA":"2 - Era Kebangkitan Pondok","TAHUN_ERA":"1900-1945","KATEGORI_I_MAAHAD":"Pondok","ASAS_KATEGORI":"Nama menyebut Pondok","STATUS_SAH_KATEGORI":"Belum disahkan","FUNGSI_PENDIDIKAN":"Belum disahkan"}},{"type":"Feature","id":75,"geometry":{"type":"Point","coordinates":[100.473,5.81700000000001]},"properties":{"FID":75,"ID":132,"Nama_Madra":"PONDOK HAJI MUHAMMAD ARIF - PEKAN ATAP GURUN","Alamat":"Pekan Atap / Gurun, Kedah","Daerah":"KUALA MUDA","Telefon":"Tidak Ditemui","Latitud":5.817,"Longitud":100.473,"Nama_Penga":"Haji Muhammad Arif","Tahun_Dibu":"1934","Status__Ak":"Ditutup","Kategori_D":"Lokasi Sejarah","Sumber___R":"Data gabungan terdahulu / KML Google Earth Pro / MAIK","Status_Pen":"Tahun Sedia Ada","Sumber_Tah":"Tahun daripada dataset terdahulu; dikekalkan. Sumber khusus perlu dirujuk pada rekod asal/rujukan terdahulu.","ERA":"2 - Era Kebangkitan Pondok","TAHUN_ERA":"1900-1945","KATEGORI_I_MAAHAD":"Pondok","ASAS_KATEGORI":"Nama menyebut Pondok","STATUS_SAH_KATEGORI":"Belum disahkan","FUNGSI_PENDIDIKAN":"Belum disahkan"}},{"type":"Feature","id":76,"geometry":{"type":"Point","coordinates":[100.3322715,6.363642200000144]},"properties":{"FID":76,"ID":71,"Nama_Madra":"MAAHAD SYEIKH TAJUDDIN AL-JARUMI","Alamat":"30, 176, Kampung Pering, 06100 Kodiang, Kedah","Daerah":"KUBANG PASU","Telefon":"04-925 0334","Latitud":6.363642,"Longitud":100.332272,"Nama_Penga":"Tidak Ditemui","Tahun_Dibu":"Tidak Ditemui","Status__Ak":"Aktif","Kategori_D":"Institusi Semasa","Sumber___R":"Data gabungan terdahulu / KML Google Earth Pro / MAIK","Status_Pen":"Tidak Ditemui","Sumber_Tah":"Carian menyeluruh web 02-10-2026 — tiada bukti tahun pembukaan yang cukup kukuh ditemui","ERA":"Tidak Ditemui","TAHUN_ERA":"Tidak Ditemui","KATEGORI_I_MAAHAD":"Maahad / Madrasah Lain","ASAS_KATEGORI":"Nama menyebut Maahad atau Madrasah tanpa Tahfiz yang jelas","STATUS_SAH_KATEGORI":"Belum disahkan","FUNGSI_PENDIDIKAN":"Belum disahkan"}},{"type":"Feature","id":77,"geometry":{"type":"Point","coordinates":[100.4232763,6.329823800000035]},"properties":{"FID":77,"ID":72,"Nama_Madra":"Maahad Tahfiz Al- Quran Jahra (MAHAJAR)","Alamat":"Kampung Ansun, 06000 Jitra, Kedah","Daerah":"KUBANG PASU","Telefon":"Tidak Diketahui","Latitud":6.329824,"Longitud":100.423276,"Nama_Penga":"Tidak Ditemui","Tahun_Dibu":"Tidak Ditemui","Status__Ak":"Aktif","Kategori_D":"Institusi Semasa","Sumber___R":"Data gabungan terdahulu / KML Google Earth Pro / MAIK","Status_Pen":"Tidak Ditemui","Sumber_Tah":"Carian menyeluruh web 02-10-2026 — tiada bukti tahun pembukaan yang cukup kukuh ditemui","ERA":"Tidak Ditemui","TAHUN_ERA":"Tidak Ditemui","KATEGORI_I_MAAHAD":"Maahad Tahfiz","ASAS_KATEGORI":"Nama menyebut Maahad Tahfiz","STATUS_SAH_KATEGORI":"Belum disahkan","FUNGSI_PENDIDIKAN":"Belum disahkan"}},{"type":"Feature","id":78,"geometry":{"type":"Point","coordinates":[100.4361876,6.395695800000029]},"properties":{"FID":78,"ID":73,"Nama_Madra":"Maahad Tahfiz Al-Quran Al-Islah (MTQI Napoh)","Alamat":"LOT 2315, Jalan Wang Perah Kg Jeragan, Mukim Hosba, 06000 Jitra, Kedah","Daerah":"KUBANG PASU","Telefon":"016-508 6909","Latitud":6.395696,"Longitud":100.436188,"Nama_Penga":"Tidak Ditemui","Tahun_Dibu":"1999","Status__Ak":"Aktif","Kategori_D":"Institusi Semasa","Sumber___R":"Data gabungan terdahulu / KML Google Earth Pro / MAIK","Status_Pen":"Tahun Sedia Ada","Sumber_Tah":"Tahun daripada dataset terdahulu; dikekalkan. Sumber khusus perlu dirujuk pada rekod asal/rujukan terdahulu.","ERA":"4 - Era Transformasi Pendidikan","TAHUN_ERA":"1971-2000","KATEGORI_I_MAAHAD":"Maahad Tahfiz","ASAS_KATEGORI":"Nama menyebut Maahad Tahfiz","STATUS_SAH_KATEGORI":"Belum disahkan","FUNGSI_PENDIDIKAN":"Belum disahkan"}},{"type":"Feature","id":79,"geometry":{"type":"Point","coordinates":[100.4516198,6.246610600000019]},"properties":{"FID":79,"ID":74,"Nama_Madra":"Maahad Tahfiz al-Quran al-Islah (MTQI), Jitra","Alamat":"340 Jalan Indah 9, Taman Tengku Intan Syafinaz, Bandar Darulaman, 06007 Jitra, Kedah","Daerah":"KUBANG PASU","Telefon":"012-931 9696","Latitud":6.246611,"Longitud":100.45162,"Nama_Penga":"Tidak Ditemui","Tahun_Dibu":"1999","Status__Ak":"Aktif","Kategori_D":"Institusi Semasa","Sumber___R":"Data gabungan terdahulu / KML Google Earth Pro / MAIK","Status_Pen":"Tahun Sedia Ada","Sumber_Tah":"Tahun daripada dataset terdahulu; dikekalkan. Sumber khusus perlu dirujuk pada rekod asal/rujukan terdahulu.","ERA":"4 - Era Transformasi Pendidikan","TAHUN_ERA":"1971-2000","KATEGORI_I_MAAHAD":"Maahad Tahfiz","ASAS_KATEGORI":"Nama menyebut Maahad Tahfiz","STATUS_SAH_KATEGORI":"Belum disahkan","FUNGSI_PENDIDIKAN":"Belum disahkan"}},{"type":"Feature","id":80,"geometry":{"type":"Point","coordinates":[100.3209,6.394900000000167]},"properties":{"FID":80,"ID":75,"Nama_Madra":"Maahad Tahfiz Ar-Riyaadah","Alamat":"Kampung Hutan Palas, 06100 Kodiang, Kedah","Daerah":"KUBANG PASU","Telefon":"04-925 1970","Latitud":6.3949,"Longitud":100.3209,"Nama_Penga":"Ustaz Ahmad Husam bin Muhamad Baderudin","Tahun_Dibu":"2012","Status__Ak":"Aktif","Kategori_D":"Institusi Semasa","Sumber___R":"Data gabungan terdahulu / KML Google Earth Pro / MAIK","Status_Pen":"Tahun Sedia Ada","Sumber_Tah":"Tahun daripada dataset terdahulu; dikekalkan. Sumber khusus perlu dirujuk pada rekod asal/rujukan terdahulu.","ERA":"5 - Era Pewarisan & Kelestarian","TAHUN_ERA":"2001-Kini","KATEGORI_I_MAAHAD":"Maahad Tahfiz","ASAS_KATEGORI":"Nama menyebut Maahad Tahfiz","STATUS_SAH_KATEGORI":"Belum disahkan","FUNGSI_PENDIDIKAN":"Belum disahkan"}},{"type":"Feature","id":81,"geometry":{"type":"Point","coordinates":[100.4957964,6.285345400000007]},"properties":{"FID":81,"ID":76,"Nama_Madra":"MAAHAD TAHFIZ DARUL ULOOM AL-HILMIAH SAIDINA USMAN","Alamat":"MAAHAD TAHFIZ DARUL ULOOM AL - HILMIAH SAYYIDINA USMAN rd Lot 1361, Kampung Ceruk Latah, 06000 Jitra, Kedah","Daerah":"KUBANG PASU","Telefon":"012-510 0196","Latitud":6.285345,"Longitud":100.495796,"Nama_Penga":"Tidak Ditemui","Tahun_Dibu":"Tidak Ditemui","Status__Ak":"Aktif","Kategori_D":"Institusi Semasa","Sumber___R":"Data gabungan terdahulu / KML Google Earth Pro / MAIK","Status_Pen":"Tidak Ditemui","Sumber_Tah":"Carian menyeluruh web 02-10-2026 — tiada bukti tahun pembukaan yang cukup kukuh ditemui","ERA":"Tidak Ditemui","TAHUN_ERA":"Tidak Ditemui","KATEGORI_I_MAAHAD":"Maahad Tahfiz","ASAS_KATEGORI":"Nama menyebut Maahad Tahfiz","STATUS_SAH_KATEGORI":"Belum disahkan","FUNGSI_PENDIDIKAN":"Belum disahkan"}},{"type":"Feature","id":82,"geometry":{"type":"Point","coordinates":[100.416782,6.267990000000038]},"properties":{"FID":82,"ID":77,"Nama_Madra":"Maahad Tahfiz Darul Ulum Arrahimiyah","Alamat":"Pekan Jitra, 06000 Jitra, Kedah","Daerah":"KUBANG PASU","Telefon":"019-550 7740","Latitud":6.26799,"Longitud":100.416782,"Nama_Penga":"Tidak Ditemui","Tahun_Dibu":"Tidak Ditemui","Status__Ak":"Aktif","Kategori_D":"Institusi Semasa","Sumber___R":"Data gabungan terdahulu / KML Google Earth Pro / MAIK","Status_Pen":"Tidak Ditemui","Sumber_Tah":"Carian menyeluruh web 02-10-2026 — tiada bukti tahun pembukaan yang cukup kukuh ditemui","ERA":"Tidak Ditemui","TAHUN_ERA":"Tidak Ditemui","KATEGORI_I_MAAHAD":"Maahad Tahfiz","ASAS_KATEGORI":"Nama menyebut Maahad Tahfiz","STATUS_SAH_KATEGORI":"Belum disahkan","FUNGSI_PENDIDIKAN":"Belum disahkan"}},{"type":"Feature","id":83,"geometry":{"type":"Point","coordinates":[100.4215414,6.260093400000035]},"properties":{"FID":83,"ID":78,"Nama_Madra":"Maahad Tahfiz Ehsan Al Khairi","Alamat":"276B Tepi, Taman Ehsan, 06000 Jitra, Kedah","Daerah":"KUBANG PASU","Telefon":"018-374 9881","Latitud":6.260093,"Longitud":100.421541,"Nama_Penga":"Tidak Ditemui","Tahun_Dibu":"Tidak Ditemui","Status__Ak":"Aktif","Kategori_D":"Institusi Semasa","Sumber___R":"Data gabungan terdahulu / KML Google Earth Pro / MAIK","Status_Pen":"Tidak Ditemui","Sumber_Tah":"Carian menyeluruh web 02-10-2026 — tiada bukti tahun pembukaan yang cukup kukuh ditemui","ERA":"Tidak Ditemui","TAHUN_ERA":"Tidak Ditemui","KATEGORI_I_MAAHAD":"Maahad Tahfiz","ASAS_KATEGORI":"Nama menyebut Maahad Tahfiz","STATUS_SAH_KATEGORI":"Belum disahkan","FUNGSI_PENDIDIKAN":"Belum disahkan"}},{"type":"Feature","id":84,"geometry":{"type":"Point","coordinates":[100.460736,6.300442300000015]},"properties":{"FID":84,"ID":79,"Nama_Madra":"Maahad Tahfiz Ehsan Al Khairi Desa Tok Nen","Alamat":"Kampung Padang Panjang, 06000 Jitra, Kedah","Daerah":"KUBANG PASU","Telefon":"012-429 5440","Latitud":6.300442,"Longitud":100.460736,"Nama_Penga":"Tidak Ditemui","Tahun_Dibu":"Tidak Ditemui","Status__Ak":"Aktif","Kategori_D":"Institusi Semasa","Sumber___R":"Data gabungan terdahulu / KML Google Earth Pro / MAIK","Status_Pen":"Tidak Ditemui","Sumber_Tah":"Carian menyeluruh web 02-10-2026 — tiada bukti tahun pembukaan yang cukup kukuh ditemui","ERA":"Tidak Ditemui","TAHUN_ERA":"Tidak Ditemui","KATEGORI_I_MAAHAD":"Maahad Tahfiz","ASAS_KATEGORI":"Nama menyebut Maahad Tahfiz","STATUS_SAH_KATEGORI":"Belum disahkan","FUNGSI_PENDIDIKAN":"Belum disahkan"}},{"type":"Feature","id":85,"geometry":{"type":"Point","coordinates":[100.403668,6.275760000000049]},"properties":{"FID":85,"ID":80,"Nama_Madra":"Maahad Tahfiz Permata Hati","Alamat":"No 2A, Jalan Pelangi 1, Taman Pelangi, 06000 Jitra, Kedah","Daerah":"KUBANG PASU","Telefon":"011-5631 3526","Latitud":6.27576,"Longitud":100.403668,"Nama_Penga":"Tidak Ditemui","Tahun_Dibu":"Tidak Ditemui","Status__Ak":"Aktif","Kategori_D":"Institusi Semasa","Sumber___R":"Data gabungan terdahulu / KML Google Earth Pro / MAIK","Status_Pen":"Tidak Ditemui","Sumber_Tah":"Carian menyeluruh web 02-10-2026 — tiada bukti tahun pembukaan yang cukup kukuh ditemui","ERA":"Tidak Ditemui","TAHUN_ERA":"Tidak Ditemui","KATEGORI_I_MAAHAD":"Maahad Tahfiz","ASAS_KATEGORI":"Nama menyebut Maahad Tahfiz","STATUS_SAH_KATEGORI":"Belum disahkan","FUNGSI_PENDIDIKAN":"Belum disahkan"}},{"type":"Feature","id":86,"geometry":{"type":"Point","coordinates":[100.4495016,6.4449956000000235]},"properties":{"FID":86,"ID":81,"Nama_Madra":"Maahad Tahfiz Sains Darul Muttaqin","Alamat":"13, Jalan Sintok Lama, Kampung Baru Batu, 06010 Changlun, Kedah","Daerah":"KUBANG PASU","Telefon":"04-924 1139","Latitud":6.444996,"Longitud":100.449502,"Nama_Penga":"Tidak Ditemui","Tahun_Dibu":"2012","Status__Ak":"Aktif","Kategori_D":"Institusi Semasa","Sumber___R":"Data gabungan terdahulu / KML Google Earth Pro / MAIK","Status_Pen":"Tahun Sedia Ada","Sumber_Tah":"Tahun daripada dataset terdahulu; dikekalkan. Sumber khusus perlu dirujuk pada rekod asal/rujukan terdahulu.","ERA":"5 - Era Pewarisan & Kelestarian","TAHUN_ERA":"2001-Kini","KATEGORI_I_MAAHAD":"Maahad Tahfiz","ASAS_KATEGORI":"Nama menyebut Maahad Tahfiz","STATUS_SAH_KATEGORI":"Belum disahkan","FUNGSI_PENDIDIKAN":"Belum disahkan"}},{"type":"Feature","id":87,"geometry":{"type":"Point","coordinates":[100.4751848,6.239665900000012]},"properties":{"FID":87,"ID":82,"Nama_Madra":"Maahad Tahfiz Sulaimaniyyah Al-Mawaddah Jitra (MTS)","Alamat":"Lot 783, Jalan Wang Tepus, 06000 Jitra, Kedah","Daerah":"KUBANG PASU","Telefon":"011-1029 3557","Latitud":6.239666,"Longitud":100.475185,"Nama_Penga":"Tidak Ditemui","Tahun_Dibu":"Tidak Ditemui","Status__Ak":"Aktif","Kategori_D":"Institusi Semasa","Sumber___R":"Data gabungan terdahulu / KML Google Earth Pro / MAIK","Status_Pen":"Tidak Ditemui","Sumber_Tah":"Carian menyeluruh web 02-10-2026 — tiada bukti tahun pembukaan yang cukup kukuh ditemui","ERA":"Tidak Ditemui","TAHUN_ERA":"Tidak Ditemui","KATEGORI_I_MAAHAD":"Maahad Tahfiz","ASAS_KATEGORI":"Nama menyebut Maahad Tahfiz","STATUS_SAH_KATEGORI":"Belum disahkan","FUNGSI_PENDIDIKAN":"Belum disahkan"}},{"type":"Feature","id":88,"geometry":{"type":"Point","coordinates":[100.4173985,6.2701076000000375]},"properties":{"FID":88,"ID":83,"Nama_Madra":"Madrasah Tahfiz Al Quran Hafsah","Alamat":"64, Lorong Bahagia, Pekan Jitra, 06000 Jitra, Kedah","Daerah":"KUBANG PASU","Telefon":"019-554 8915","Latitud":6.270108,"Longitud":100.417399,"Nama_Penga":"Tidak Ditemui","Tahun_Dibu":"2001","Status__Ak":"Aktif","Kategori_D":"Institusi Semasa","Sumber___R":"Laman Madrasah Tahfiz Al-Quran Hafsah — founded April 2001: https://hafsahahmad7.wixsite.com/jamiatulhafsah","Status_Pen":"Disahkan","Sumber_Tah":"Laman Madrasah Tahfiz Al-Quran Hafsah — founded April 2001: https://hafsahahmad7.wixsite.com/jamiatulhafsah","ERA":"5 - Era Pewarisan & Kelestarian","TAHUN_ERA":"2001-Kini","KATEGORI_I_MAAHAD":"Madrasah Tahfiz","ASAS_KATEGORI":"Nama menyebut Madrasah Tahfiz","STATUS_SAH_KATEGORI":"Belum disahkan","FUNGSI_PENDIDIKAN":"Belum disahkan"}},{"type":"Feature","id":89,"geometry":{"type":"Point","coordinates":[100.4194497,6.280540200000036]},"properties":{"FID":89,"ID":84,"Nama_Madra":"Mahaad Tahfiz Quran Kaedah Nurani (MTQKN BANAT)","Alamat":"NO 12, Taman Jitra indah, 06000 Jitra, Kedah","Daerah":"KUBANG PASU","Telefon":"019-474 2515","Latitud":6.28054,"Longitud":100.41945,"Nama_Penga":"Tidak Ditemui","Tahun_Dibu":"Tidak Ditemui","Status__Ak":"Aktif","Kategori_D":"Institusi Semasa","Sumber___R":"Data gabungan terdahulu / KML Google Earth Pro / MAIK","Status_Pen":"Tidak Ditemui","Sumber_Tah":"Carian menyeluruh web 02-10-2026 — tiada bukti tahun pembukaan yang cukup kukuh ditemui","ERA":"Tidak Ditemui","TAHUN_ERA":"Tidak Ditemui","KATEGORI_I_MAAHAD":"Maahad Tahfiz","ASAS_KATEGORI":"Nama menyebut Maahad Tahfiz","STATUS_SAH_KATEGORI":"Belum disahkan","FUNGSI_PENDIDIKAN":"Belum disahkan"}},{"type":"Feature","id":90,"geometry":{"type":"Point","coordinates":[100.32062,6.395220000000168]},"properties":{"FID":90,"ID":85,"Nama_Madra":"Maktab Pengajian Islam Kedah (Pondok Hutan Palas)","Alamat":"No. 25, Batu 2, Jalan Changlun, 06100 Kodiang, Kedah","Daerah":"KUBANG PASU","Telefon":"04-925 2211","Latitud":6.39522,"Longitud":100.32062,"Nama_Penga":"Allahyarham Tuan Guru Haji Ahmad Othman (Haji Ahmad Keplu)","Tahun_Dibu":"1947","Status__Ak":"Aktif","Kategori_D":"Institusi Semasa","Sumber___R":"Data gabungan terdahulu / KML Google Earth Pro / MAIK","Status_Pen":"Tahun Sedia Ada","Sumber_Tah":"Tahun daripada dataset terdahulu; dikekalkan. Sumber khusus perlu dirujuk pada rekod asal/rujukan terdahulu.","ERA":"3 - Era Pengukuhan Warisan","TAHUN_ERA":"1946-1970","KATEGORI_I_MAAHAD":"Pondok","ASAS_KATEGORI":"Nama menyebut Pondok","STATUS_SAH_KATEGORI":"Belum disahkan","FUNGSI_PENDIDIKAN":"Belum disahkan"}},{"type":"Feature","id":91,"geometry":{"type":"Point","coordinates":[100.3458166,6.352375000000119]},"properties":{"FID":91,"ID":86,"Nama_Madra":"Sekolah Menengah Agama Nahdhah Hasanah Melele","Alamat":"Kampung Seberang Melele. Batu 21,, Jalan Kodiang, 06100, Kedah","Daerah":"KUBANG PASU","Telefon":"04-925 1926","Latitud":6.352375,"Longitud":100.345817,"Nama_Penga":"Syeikh Tajuddin bin Syeikh Abdul Rahman Al-Jarumi","Tahun_Dibu":"1946","Status__Ak":"Aktif","Kategori_D":"Institusi Semasa","Sumber___R":"Data gabungan terdahulu / KML Google Earth Pro / MAIK","Status_Pen":"Tahun Sedia Ada","Sumber_Tah":"Tahun daripada dataset terdahulu; dikekalkan. Sumber khusus perlu dirujuk pada rekod asal/rujukan terdahulu.","ERA":"3 - Era Pengukuhan Warisan","TAHUN_ERA":"1946-1970","KATEGORI_I_MAAHAD":"Lain-lain Institusi Pengajian Islam","ASAS_KATEGORI":"Tidak memenuhi padanan nama kategori khusus","STATUS_SAH_KATEGORI":"Belum disahkan","FUNGSI_PENDIDIKAN":"Belum disahkan"}},{"type":"Feature","id":92,"geometry":{"type":"Point","coordinates":[100.2767142,6.231294900000254]},"properties":{"FID":92,"ID":87,"Nama_Madra":"SMA Maahad Akademi Islam Kedah","Alamat":"79, Kampung Kubang Sepat, 06150 Ayer Hitam, Kedah","Daerah":"KUBANG PASU","Telefon":"04-794 0395","Latitud":6.231295,"Longitud":100.276714,"Nama_Penga":"Tidak Ditemui","Tahun_Dibu":"Tidak Ditemui","Status__Ak":"Aktif","Kategori_D":"Institusi Semasa","Sumber___R":"Data gabungan terdahulu / KML Google Earth Pro / MAIK","Status_Pen":"Tidak Ditemui","Sumber_Tah":"Carian menyeluruh web 02-10-2026 — tiada bukti tahun pembukaan yang cukup kukuh ditemui","ERA":"Tidak Ditemui","TAHUN_ERA":"Tidak Ditemui","KATEGORI_I_MAAHAD":"Maahad / Madrasah Lain","ASAS_KATEGORI":"Nama menyebut Maahad atau Madrasah tanpa Tahfiz yang jelas","STATUS_SAH_KATEGORI":"Belum disahkan","FUNGSI_PENDIDIKAN":"Belum disahkan"}},{"type":"Feature","id":93,"geometry":{"type":"Point","coordinates":[100.3470994,6.383637200000119]},"properties":{"FID":93,"ID":88,"Nama_Madra":"SRITI Al-Fateh Kampung Raja, Pering, Kodiang","Alamat":"K104, No 74, Lorong Tok Rela 1, Kg Raja, 06100 Kodiang, Kedah","Daerah":"KUBANG PASU","Telefon":"Tidak Diketahui","Latitud":6.383637,"Longitud":100.347099,"Nama_Penga":"Tidak Ditemui","Tahun_Dibu":"Tidak Ditemui","Status__Ak":"Aktif","Kategori_D":"Institusi Semasa","Sumber___R":"Data gabungan terdahulu / KML Google Earth Pro / MAIK","Status_Pen":"Tidak Ditemui","Sumber_Tah":"Carian menyeluruh web 02-10-2026 — tiada bukti tahun pembukaan yang cukup kukuh ditemui","ERA":"Tidak Ditemui","TAHUN_ERA":"Tidak Ditemui","KATEGORI_I_MAAHAD":"Lain-lain Institusi Pengajian Islam","ASAS_KATEGORI":"Tidak memenuhi padanan nama kategori khusus","STATUS_SAH_KATEGORI":"Belum disahkan","FUNGSI_PENDIDIKAN":"Belum disahkan"}},{"type":"Feature","id":94,"geometry":{"type":"Point","coordinates":[100.4068773,6.42417880000005]},"properties":{"FID":94,"ID":89,"Nama_Madra":"Tahfiz Lembah Palas","Alamat":"Kampung Lembah Palas, 06010 Changlun, Kedah","Daerah":"KUBANG PASU","Telefon":"019-497 0253","Latitud":6.424179,"Longitud":100.406877,"Nama_Penga":"Tidak Ditemui","Tahun_Dibu":"Tidak Ditemui","Status__Ak":"Aktif","Kategori_D":"Institusi Semasa","Sumber___R":"Data gabungan terdahulu / KML Google Earth Pro / MAIK","Status_Pen":"Tidak Ditemui","Sumber_Tah":"Carian menyeluruh web 02-10-2026 — tiada bukti tahun pembukaan yang cukup kukuh ditemui","ERA":"Tidak Ditemui","TAHUN_ERA":"Tidak Ditemui","KATEGORI_I_MAAHAD":"Lain-lain Institusi Pengajian Islam","ASAS_KATEGORI":"Tidak memenuhi padanan nama kategori khusus","STATUS_SAH_KATEGORI":"Belum disahkan","FUNGSI_PENDIDIKAN":"Belum disahkan"}},{"type":"Feature","id":95,"geometry":{"type":"Point","coordinates":[100.421,6.228000000000034]},"properties":{"FID":95,"ID":133,"Nama_Madra":"MAAHAD EHYA AL-ULUM AD-DINIAH","Alamat":"Tanjung Pauh, Jitra, Kedah","Daerah":"KUBANG PASU","Telefon":"Tidak Ditemui","Latitud":6.228,"Longitud":100.421,"Nama_Penga":"Tuan Guru Haji Abdullah Abbas Nasution","Tahun_Dibu":"1940","Status__Ak":"Ditutup","Kategori_D":"Lokasi Sejarah","Sumber___R":"Data gabungan terdahulu / KML Google Earth Pro / MAIK","Status_Pen":"Tahun Sedia Ada","Sumber_Tah":"Tahun daripada dataset terdahulu; dikekalkan. Sumber khusus perlu dirujuk pada rekod asal/rujukan terdahulu.","ERA":"2 - Era Kebangkitan Pondok","TAHUN_ERA":"1900-1945","KATEGORI_I_MAAHAD":"Maahad / Madrasah Lain","ASAS_KATEGORI":"Nama menyebut Maahad atau Madrasah tanpa Tahfiz yang jelas","STATUS_SAH_KATEGORI":"Belum disahkan","FUNGSI_PENDIDIKAN":"Belum disahkan"}},{"type":"Feature","id":96,"geometry":{"type":"Point","coordinates":[100.38475226994495,6.269987691859173]},"properties":{"FID":96,"ID":134,"Nama_Madra":"PONDOK PULAU PISANG","Alamat":"Kampung Pulau Pisang, Mukim Tunjang, Jitra, Kedah","Daerah":"KUBANG PASU","Telefon":"Tidak Ditemui","Latitud":6.2708,"Longitud":100.38238,"Nama_Penga":"Tidak Ditemui","Tahun_Dibu":"Tidak Ditemui","Status__Ak":"Ditutup","Kategori_D":"Lokasi Sejarah","Sumber___R":"Data gabungan terdahulu / KML Google Earth Pro / MAIK","Status_Pen":"Tidak Ditemui","Sumber_Tah":"Carian menyeluruh web 02-10-2026 — tiada bukti tahun pembukaan yang cukup kukuh ditemui","ERA":"Tidak Ditemui","TAHUN_ERA":"Tidak Ditemui","KATEGORI_I_MAAHAD":"Pondok","ASAS_KATEGORI":"Nama menyebut Pondok","STATUS_SAH_KATEGORI":"Belum disahkan","FUNGSI_PENDIDIKAN":"Belum disahkan"}},{"type":"Feature","id":97,"geometry":{"type":"Point","coordinates":[100.5531415,5.4483146]},"properties":{"FID":97,"ID":90,"Nama_Madra":"Al-Amin Quran Memorisation Center","Alamat":"Kampung Sungai Seluang, 09600 Lunas, Kedah","Daerah":"KULIM","Telefon":"Tidak Diketahui","Latitud":5.448315,"Longitud":100.553141,"Nama_Penga":"Tidak Ditemui","Tahun_Dibu":"Tidak Ditemui","Status__Ak":"Aktif","Kategori_D":"Institusi Semasa","Sumber___R":"Data gabungan terdahulu / KML Google Earth Pro / MAIK","Status_Pen":"Tidak Ditemui","Sumber_Tah":"Carian menyeluruh web 02-10-2026 — tiada bukti tahun pembukaan yang cukup kukuh ditemui","ERA":"Tidak Ditemui","TAHUN_ERA":"Tidak Ditemui","KATEGORI_I_MAAHAD":"Lain-lain Institusi Pengajian Islam","ASAS_KATEGORI":"Tidak memenuhi padanan nama kategori khusus","STATUS_SAH_KATEGORI":"Belum disahkan","FUNGSI_PENDIDIKAN":"Belum disahkan"}},{"type":"Feature","id":98,"geometry":{"type":"Point","coordinates":[100.5762897,5.404750099999999]},"properties":{"FID":98,"ID":91,"Nama_Madra":"Maahad Tahfiz Al Qadi Iyad","Alamat":"4/10, Kulim hi tech park, 09000 Kulim, Kedah","Daerah":"KULIM","Telefon":"010-915 2068","Latitud":5.40475,"Longitud":100.57629,"Nama_Penga":"Tidak Ditemui","Tahun_Dibu":"Tidak Ditemui","Status__Ak":"Aktif","Kategori_D":"Institusi Semasa","Sumber___R":"Data gabungan terdahulu / KML Google Earth Pro / MAIK","Status_Pen":"Tidak Ditemui","Sumber_Tah":"Carian menyeluruh web 02-10-2026 — tiada bukti tahun pembukaan yang cukup kukuh ditemui","ERA":"Tidak Ditemui","TAHUN_ERA":"Tidak Ditemui","KATEGORI_I_MAAHAD":"Maahad Tahfiz","ASAS_KATEGORI":"Nama menyebut Maahad Tahfiz","STATUS_SAH_KATEGORI":"Belum disahkan","FUNGSI_PENDIDIKAN":"Belum disahkan"}},{"type":"Feature","id":99,"geometry":{"type":"Point","coordinates":[100.6890744,5.4003189]},"properties":{"FID":99,"ID":92,"Nama_Madra":"Maahad Tahfiz Al-Munawwar","Alamat":"Kampung Selarong Panjang, 09700 Karangan, Kedah","Daerah":"KULIM","Telefon":"019-491 9184","Latitud":5.400319,"Longitud":100.689074,"Nama_Penga":"Tidak Ditemui","Tahun_Dibu":"Tidak Ditemui","Status__Ak":"Aktif","Kategori_D":"Institusi Semasa","Sumber___R":"Data gabungan terdahulu / KML Google Earth Pro / MAIK","Status_Pen":"Tidak Ditemui","Sumber_Tah":"Carian menyeluruh web 02-10-2026 — tiada bukti tahun pembukaan yang cukup kukuh ditemui","ERA":"Tidak Ditemui","TAHUN_ERA":"Tidak Ditemui","KATEGORI_I_MAAHAD":"Maahad Tahfiz","ASAS_KATEGORI":"Nama menyebut Maahad Tahfiz","STATUS_SAH_KATEGORI":"Belum disahkan","FUNGSI_PENDIDIKAN":"Belum disahkan"}},{"type":"Feature","id":100,"geometry":{"type":"Point","coordinates":[100.5481755,5.3632289]},"properties":{"FID":100,"ID":93,"Nama_Madra":"Maahad Tahfiz Al-Quran AL Falah Lil Banat","Alamat":"381, Jalan Bukit Awi, Kampung Masjid, 09000 Kulim, Kedah","Daerah":"KULIM","Telefon":"04-490 4936","Latitud":5.363229,"Longitud":100.548175,"Nama_Penga":"Tidak Ditemui","Tahun_Dibu":"Tidak Ditemui","Status__Ak":"Aktif","Kategori_D":"Institusi Semasa","Sumber___R":"Data gabungan terdahulu / KML Google Earth Pro / MAIK","Status_Pen":"Tidak Ditemui","Sumber_Tah":"Carian menyeluruh web 02-10-2026 — tiada bukti tahun pembukaan yang cukup kukuh ditemui","ERA":"Tidak Ditemui","TAHUN_ERA":"Tidak Ditemui","KATEGORI_I_MAAHAD":"Maahad Tahfiz","ASAS_KATEGORI":"Nama menyebut Maahad Tahfiz","STATUS_SAH_KATEGORI":"Belum disahkan","FUNGSI_PENDIDIKAN":"Belum disahkan"}},{"type":"Feature","id":101,"geometry":{"type":"Point","coordinates":[100.6558085,5.4414066]},"properties":{"FID":101,"ID":94,"Nama_Madra":"Maahad Tahfiz AlWafa Lilbanat","Alamat":"69, K809, Kampung Jangkang, 09600 Lunas, Kedah","Daerah":"KULIM","Telefon":"012-474 0459","Latitud":5.441407,"Longitud":100.655809,"Nama_Penga":"Tidak Ditemui","Tahun_Dibu":"Tidak Ditemui","Status__Ak":"Aktif","Kategori_D":"Institusi Semasa","Sumber___R":"Data gabungan terdahulu / KML Google Earth Pro / MAIK","Status_Pen":"Tidak Ditemui","Sumber_Tah":"Carian menyeluruh web 02-10-2026 — tiada bukti tahun pembukaan yang cukup kukuh ditemui","ERA":"Tidak Ditemui","TAHUN_ERA":"Tidak Ditemui","KATEGORI_I_MAAHAD":"Maahad Tahfiz","ASAS_KATEGORI":"Nama menyebut Maahad Tahfiz","STATUS_SAH_KATEGORI":"Belum disahkan","FUNGSI_PENDIDIKAN":"Belum disahkan"}},{"type":"Feature","id":102,"geometry":{"type":"Point","coordinates":[100.6124173,5.2134176000000005]},"properties":{"FID":102,"ID":95,"Nama_Madra":"Maahad Tahfiz Ibnu Sina Al-Irshad","Alamat":"perkarangan masjid al-irshad, Serdang, 09800 Serdang, Kedah","Daerah":"KULIM","Telefon":"04-407 8991","Latitud":5.213418,"Longitud":100.612417,"Nama_Penga":"Tidak Ditemui","Tahun_Dibu":"Tidak Ditemui","Status__Ak":"Aktif","Kategori_D":"Institusi Semasa","Sumber___R":"Data gabungan terdahulu / KML Google Earth Pro / MAIK","Status_Pen":"Tidak Ditemui","Sumber_Tah":"Carian menyeluruh web 02-10-2026 — tiada bukti tahun pembukaan yang cukup kukuh ditemui","ERA":"Tidak Ditemui","TAHUN_ERA":"Tidak Ditemui","KATEGORI_I_MAAHAD":"Maahad Tahfiz","ASAS_KATEGORI":"Nama menyebut Maahad Tahfiz","STATUS_SAH_KATEGORI":"Belum disahkan","FUNGSI_PENDIDIKAN":"Belum disahkan"}},{"type":"Feature","id":103,"geometry":{"type":"Point","coordinates":[100.5741259,5.366564000000001]},"properties":{"FID":103,"ID":96,"Nama_Madra":"MAAHAD TAHFIZ IBNU SINA KULIM","Alamat":"Kota Kenari, 09000 Kulim, Kedah","Daerah":"KULIM","Telefon":"Tidak Diketahui","Latitud":5.366564,"Longitud":100.574126,"Nama_Penga":"Tuan Haji Shafer bin Othman; Ustaz Haji Shafei bin Che Nik; Encik Mohamad Nor bin Kabir","Tahun_Dibu":"2001","Status__Ak":"Aktif","Kategori_D":"Institusi Semasa","Sumber___R":"Data gabungan terdahulu / KML Google Earth Pro / MAIK","Status_Pen":"Tahun Sedia Ada","Sumber_Tah":"Tahun daripada dataset terdahulu; dikekalkan. Sumber khusus perlu dirujuk pada rekod asal/rujukan terdahulu.","ERA":"5 - Era Pewarisan & Kelestarian","TAHUN_ERA":"2001-Kini","KATEGORI_I_MAAHAD":"Maahad Tahfiz","ASAS_KATEGORI":"Nama menyebut Maahad Tahfiz","STATUS_SAH_KATEGORI":"Belum disahkan","FUNGSI_PENDIDIKAN":"Belum disahkan"}},{"type":"Feature","id":104,"geometry":{"type":"Point","coordinates":[100.5557085,5.363265000000001]},"properties":{"FID":104,"ID":97,"Nama_Madra":"Maahad Tahfiz Sains Darul Aman","Alamat":"17A, Jalan Pegawai, Kampung Bukit Awi, 09000 Kulim, Kedah","Daerah":"KULIM","Telefon":"04-490 6539","Latitud":5.363265,"Longitud":100.555708,"Nama_Penga":"Cetusan idea YAB Dato’ Seri DiRaja Ustaz Azizan bin Abdul Razak; dilaksanakan JHEAIK","Tahun_Dibu":"2012","Status__Ak":"Aktif","Kategori_D":"Institusi Semasa","Sumber___R":"Data gabungan terdahulu / KML Google Earth Pro / MAIK","Status_Pen":"Tahun Sedia Ada","Sumber_Tah":"Tahun daripada dataset terdahulu; dikekalkan. Sumber khusus perlu dirujuk pada rekod asal/rujukan terdahulu.","ERA":"5 - Era Pewarisan & Kelestarian","TAHUN_ERA":"2001-Kini","KATEGORI_I_MAAHAD":"Maahad Tahfiz","ASAS_KATEGORI":"Nama menyebut Maahad Tahfiz","STATUS_SAH_KATEGORI":"Belum disahkan","FUNGSI_PENDIDIKAN":"Belum disahkan"}},{"type":"Feature","id":105,"geometry":{"type":"Point","coordinates":[100.5449108,5.359860900000001]},"properties":{"FID":105,"ID":98,"Nama_Madra":"Sekolah Tahfiz Sains An-Najihin","Alamat":"1447, Jalan Sultan Abdul Hamid, Taman Bersatu, 09000 Kulim, Kedah","Daerah":"KULIM","Telefon":"04-490 0458","Latitud":5.359861,"Longitud":100.544911,"Nama_Penga":"Tidak Ditemui","Tahun_Dibu":"2008","Status__Ak":"Aktif","Kategori_D":"Institusi Semasa","Sumber___R":"Data gabungan terdahulu / KML Google Earth Pro / MAIK","Status_Pen":"Tahun Sedia Ada","Sumber_Tah":"Tahun daripada dataset terdahulu; dikekalkan. Sumber khusus perlu dirujuk pada rekod asal/rujukan terdahulu.","ERA":"5 - Era Pewarisan & Kelestarian","TAHUN_ERA":"2001-Kini","KATEGORI_I_MAAHAD":"Lain-lain Institusi Pengajian Islam","ASAS_KATEGORI":"Tidak memenuhi padanan nama kategori khusus","STATUS_SAH_KATEGORI":"Belum disahkan","FUNGSI_PENDIDIKAN":"Belum disahkan"}},{"type":"Feature","id":106,"geometry":{"type":"Point","coordinates":[99.7705486000001,6.333038900003909]},"properties":{"FID":106,"ID":99,"Nama_Madra":"Maahad Tahfiz Al Iman Nur Addin","Alamat":"No 452, Kampung Durian Bulat Jalan Mata Ayer, 07000 Langkawi, Kedah","Daerah":"LANGKAWI","Telefon":"017-505 1808","Latitud":6.333039,"Longitud":99.770549,"Nama_Penga":"Tidak Ditemui","Tahun_Dibu":"Tidak Ditemui","Status__Ak":"Aktif","Kategori_D":"Institusi Semasa","Sumber___R":"Data gabungan terdahulu / KML Google Earth Pro / MAIK","Status_Pen":"Tidak Ditemui","Sumber_Tah":"Carian menyeluruh web 02-10-2026 — tiada bukti tahun pembukaan yang cukup kukuh ditemui","ERA":"Tidak Ditemui","TAHUN_ERA":"Tidak Ditemui","KATEGORI_I_MAAHAD":"Maahad Tahfiz","ASAS_KATEGORI":"Nama menyebut Maahad Tahfiz","STATUS_SAH_KATEGORI":"Belum disahkan","FUNGSI_PENDIDIKAN":"Belum disahkan"}},{"type":"Feature","id":107,"geometry":{"type":"Point","coordinates":[99.74122680000012,6.2888229000037965]},"properties":{"FID":107,"ID":100,"Nama_Madra":"Maahad Tahfiz Al-Hidayah","Alamat":"Jalan Kedawang, Kampung Temoyong, 07000 Langkawi, Kedah","Daerah":"LANGKAWI","Telefon":"019-463 4932","Latitud":6.288823,"Longitud":99.741227,"Nama_Penga":"Tidak Ditemui","Tahun_Dibu":"Tidak Ditemui","Status__Ak":"Aktif","Kategori_D":"Institusi Semasa","Sumber___R":"Data gabungan terdahulu / KML Google Earth Pro / MAIK","Status_Pen":"Tidak Ditemui","Sumber_Tah":"Carian menyeluruh web 02-10-2026 — tiada bukti tahun pembukaan yang cukup kukuh ditemui","ERA":"Tidak Ditemui","TAHUN_ERA":"Tidak Ditemui","KATEGORI_I_MAAHAD":"Maahad Tahfiz","ASAS_KATEGORI":"Nama menyebut Maahad Tahfiz","STATUS_SAH_KATEGORI":"Belum disahkan","FUNGSI_PENDIDIKAN":"Belum disahkan"}},{"type":"Feature","id":108,"geometry":{"type":"Point","coordinates":[99.72281530000012,6.360816600004113]},"properties":{"FID":108,"ID":101,"Nama_Madra":"Maahad tahfiz alquran dakwatul hidayah","Alamat":"Padang Matsirat, 07000 Langkawi, Kedah","Daerah":"LANGKAWI","Telefon":"019-417 2320","Latitud":6.360817,"Longitud":99.722815,"Nama_Penga":"Tidak Ditemui","Tahun_Dibu":"Tidak Ditemui","Status__Ak":"Aktif","Kategori_D":"Institusi Semasa","Sumber___R":"Data gabungan terdahulu / KML Google Earth Pro / MAIK","Status_Pen":"Tidak Ditemui","Sumber_Tah":"Carian menyeluruh web 02-10-2026 — tiada bukti tahun pembukaan yang cukup kukuh ditemui","ERA":"Tidak Ditemui","TAHUN_ERA":"Tidak Ditemui","KATEGORI_I_MAAHAD":"Maahad Tahfiz","ASAS_KATEGORI":"Nama menyebut Maahad Tahfiz","STATUS_SAH_KATEGORI":"Belum disahkan","FUNGSI_PENDIDIKAN":"Belum disahkan"}},{"type":"Feature","id":109,"geometry":{"type":"Point","coordinates":[99.71180020000013,6.390814300004246]},"properties":{"FID":109,"ID":102,"Nama_Madra":"Maahad Tahfiz An-Nabawi Langkawi","Alamat":"Maahad Tahfiz Annabawi Langkawi No.109 Kg Kubang Badak Mukim, 07000 Langkawi, Kedah","Daerah":"LANGKAWI","Telefon":"013-341 1132","Latitud":6.390814,"Longitud":99.7118,"Nama_Penga":"Ustaz Ahmad Dusuki bin Abdul Rani","Tahun_Dibu":"2015","Status__Ak":"Aktif","Kategori_D":"Institusi Semasa","Sumber___R":"Data gabungan terdahulu / KML Google Earth Pro / MAIK","Status_Pen":"Tahun Sedia Ada","Sumber_Tah":"Tahun daripada dataset terdahulu; dikekalkan. Sumber khusus perlu dirujuk pada rekod asal/rujukan terdahulu.","ERA":"5 - Era Pewarisan & Kelestarian","TAHUN_ERA":"2001-Kini","KATEGORI_I_MAAHAD":"Maahad Tahfiz","ASAS_KATEGORI":"Nama menyebut Maahad Tahfiz","STATUS_SAH_KATEGORI":"Belum disahkan","FUNGSI_PENDIDIKAN":"Belum disahkan"}},{"type":"Feature","id":110,"geometry":{"type":"Point","coordinates":[100.5257631,6.181341800000004]},"properties":{"FID":110,"ID":103,"Nama_Madra":"Maahad Tahfiz Al-Irfan","Alamat":"No.3 Kampung Lancuk Batu13 Jalan Kuala Nerang, 06400 Pokok Sena, Kedah","Daerah":"PADANG TERAP","Telefon":"019-414 5967","Latitud":6.181342,"Longitud":100.525763,"Nama_Penga":"Tidak Ditemui","Tahun_Dibu":"Tidak Ditemui","Status__Ak":"Aktif","Kategori_D":"Institusi Semasa","Sumber___R":"Data gabungan terdahulu / KML Google Earth Pro / MAIK","Status_Pen":"Tidak Ditemui","Sumber_Tah":"Carian menyeluruh web 02-10-2026 — tiada bukti tahun pembukaan yang cukup kukuh ditemui","ERA":"Tidak Ditemui","TAHUN_ERA":"Tidak Ditemui","KATEGORI_I_MAAHAD":"Maahad Tahfiz","ASAS_KATEGORI":"Nama menyebut Maahad Tahfiz","STATUS_SAH_KATEGORI":"Belum disahkan","FUNGSI_PENDIDIKAN":"Belum disahkan"}},{"type":"Feature","id":111,"geometry":{"type":"Point","coordinates":[100.561071,6.201116500000001]},"properties":{"FID":111,"ID":104,"Nama_Madra":"Maahad Tahfiz Ar-Rahman","Alamat":"Maahad Tahfiz AR Rahman, Kampung apil, Kampung Apil, 06300 Kuala Nerang, Kedah","Daerah":"PADANG TERAP","Telefon":"012-475 5092","Latitud":6.201117,"Longitud":100.561071,"Nama_Penga":"Tidak Ditemui","Tahun_Dibu":"2016","Status__Ak":"Aktif","Kategori_D":"Institusi Semasa","Sumber___R":"Profil Maahad Tahfiz Ar-Rahman — ditubuhkan pada 2016: https://sumbangan.com/penganjur/matar","Status_Pen":"Disahkan","Sumber_Tah":"Profil Maahad Tahfiz Ar-Rahman — ditubuhkan pada 2016: https://sumbangan.com/penganjur/matar","ERA":"5 - Era Pewarisan & Kelestarian","TAHUN_ERA":"2001-Kini","KATEGORI_I_MAAHAD":"Maahad Tahfiz","ASAS_KATEGORI":"Nama menyebut Maahad Tahfiz","STATUS_SAH_KATEGORI":"Belum disahkan","FUNGSI_PENDIDIKAN":"Belum disahkan"}},{"type":"Feature","id":112,"geometry":{"type":"Point","coordinates":[100.5719974,6.2251255]},"properties":{"FID":112,"ID":105,"Nama_Madra":"Madrasah Tahfiz Saidina Abu Bakar","Alamat":"Kampung Baharu Pokok Machang, 06300 Kuala Nerang, Kedah","Daerah":"PADANG TERAP","Telefon":"011-1643 6313","Latitud":6.225125,"Longitud":100.571997,"Nama_Penga":"Abu Bakar bin Mydin (Pak Abu)","Tahun_Dibu":"1999","Status__Ak":"Aktif","Kategori_D":"Institusi Semasa","Sumber___R":"Data gabungan terdahulu / KML Google Earth Pro / MAIK","Status_Pen":"Tahun Sedia Ada","Sumber_Tah":"Tahun daripada dataset terdahulu; dikekalkan. Sumber khusus perlu dirujuk pada rekod asal/rujukan terdahulu.","ERA":"4 - Era Transformasi Pendidikan","TAHUN_ERA":"1971-2000","KATEGORI_I_MAAHAD":"Madrasah Tahfiz","ASAS_KATEGORI":"Nama menyebut Madrasah Tahfiz","STATUS_SAH_KATEGORI":"Belum disahkan","FUNGSI_PENDIDIKAN":"Belum disahkan"}},{"type":"Feature","id":113,"geometry":{"type":"Point","coordinates":[100.5712556,6.225120900000001]},"properties":{"FID":113,"ID":106,"Nama_Madra":"Pondok DarSA / Madrasah Darul Hadis","Alamat":"Kompleks Wadi Muhammady, Kampung Pokok Machang, 06300 Kuala Nerang, Kedah","Daerah":"PADANG TERAP","Telefon":"011-1455 5461","Latitud":6.225121,"Longitud":100.571256,"Nama_Penga":"Tuan Guru Syeikh Muhammad Zainul Asri bin Haji Mohd Romli","Tahun_Dibu":"Tidak Ditemui","Status__Ak":"Aktif","Kategori_D":"Institusi Semasa","Sumber___R":"Koordinat: Google Earth Pro (rekod Pondok DarSa) | MAIK 2023/2025: Madrasah Darul Hadis, Kompleks Wadi Muhammady","Status_Pen":"Tidak Ditemui","Sumber_Tah":"Carian menyeluruh web 02-10-2026 — tiada bukti tahun pembukaan yang cukup kukuh ditemui","ERA":"Tidak Ditemui","TAHUN_ERA":"Tidak Ditemui","KATEGORI_I_MAAHAD":"Pondok","ASAS_KATEGORI":"Nama menyebut Pondok","STATUS_SAH_KATEGORI":"Belum disahkan","FUNGSI_PENDIDIKAN":"Belum disahkan"}},{"type":"Feature","id":114,"geometry":{"type":"Point","coordinates":[100.5429295,6.188787300000001]},"properties":{"FID":114,"ID":107,"Nama_Madra":"Sekolah Menengah Islam Darul Ulum (SMIDU)","Alamat":"KM. 23, Jalan, Kampung Bukit Larek, 06300 Kuala Nerang, Kedah","Daerah":"PADANG TERAP","Telefon":"011-5653 7807","Latitud":6.188787,"Longitud":100.542929,"Nama_Penga":"Tidak Ditemui","Tahun_Dibu":"Tidak Ditemui","Status__Ak":"Aktif","Kategori_D":"Institusi Semasa","Sumber___R":"Data gabungan terdahulu / KML Google Earth Pro / MAIK","Status_Pen":"Tidak Ditemui","Sumber_Tah":"Carian menyeluruh web 02-10-2026 — tiada bukti tahun pembukaan yang cukup kukuh ditemui","ERA":"Tidak Ditemui","TAHUN_ERA":"Tidak Ditemui","KATEGORI_I_MAAHAD":"Lain-lain Institusi Pengajian Islam","ASAS_KATEGORI":"Tidak memenuhi padanan nama kategori khusus","STATUS_SAH_KATEGORI":"Belum disahkan","FUNGSI_PENDIDIKAN":"Belum disahkan"}},{"type":"Feature","id":115,"geometry":{"type":"Point","coordinates":[100.4369545,5.966201900000023]},"properties":{"FID":115,"ID":108,"Nama_Madra":"Maahad Al Fathoni","Alamat":"Batu 13 1/2, Kampung Bukit, Kobah, 06700 Pendang, Kedah","Daerah":"PENDANG","Telefon":"017-521 6692","Latitud":5.966202,"Longitud":100.436954,"Nama_Penga":"Tidak Ditemui","Tahun_Dibu":"2011","Status__Ak":"Aktif","Kategori_D":"Institusi Semasa","Sumber___R":"Sejarah Maahad Al-Fathoni — mula beroperasi 27 Februari 2011: https://akusunni.blogspot.com/2013/","Status_Pen":"Disahkan","Sumber_Tah":"Sejarah Maahad Al-Fathoni — mula beroperasi 27 Februari 2011: https://akusunni.blogspot.com/2013/","ERA":"5 - Era Pewarisan & Kelestarian","TAHUN_ERA":"2001-Kini","KATEGORI_I_MAAHAD":"Maahad / Madrasah Lain","ASAS_KATEGORI":"Nama menyebut Maahad atau Madrasah tanpa Tahfiz yang jelas","STATUS_SAH_KATEGORI":"Belum disahkan","FUNGSI_PENDIDIKAN":"Belum disahkan"}},{"type":"Feature","id":116,"geometry":{"type":"Point","coordinates":[100.5468696,6.088515900000001]},"properties":{"FID":116,"ID":109,"Nama_Madra":"Maahad Darul Furqan","Alamat":"Kubur Panjang, 06400 Pendang, Kedah","Daerah":"PENDANG","Telefon":"019-552 4493","Latitud":6.088516,"Longitud":100.54687,"Nama_Penga":"Tidak Ditemui","Tahun_Dibu":"2010","Status__Ak":"Aktif","Kategori_D":"Institusi Semasa","Sumber___R":"Darul Ulum Malaysia — Maahad Darul Furqan mula beroperasi 27 Mac 2010: https://darululum.my/maahad-darul-furqan-kubur-panjang/","Status_Pen":"Disahkan","Sumber_Tah":"Darul Ulum Malaysia — Maahad Darul Furqan mula beroperasi 27 Mac 2010: https://darululum.my/maahad-darul-furqan-kubur-panjang/","ERA":"5 - Era Pewarisan & Kelestarian","TAHUN_ERA":"2001-Kini","KATEGORI_I_MAAHAD":"Maahad / Madrasah Lain","ASAS_KATEGORI":"Nama menyebut Maahad atau Madrasah tanpa Tahfiz yang jelas","STATUS_SAH_KATEGORI":"Belum disahkan","FUNGSI_PENDIDIKAN":"Belum disahkan"}},{"type":"Feature","id":117,"geometry":{"type":"Point","coordinates":[100.4944307,5.863791200000005]},"properties":{"FID":117,"ID":110,"Nama_Madra":"Maahad Tahfiz Al-Quran Ar-Rahmah","Alamat":"Kampung Sungai Rotan, 08300 Pendang, Kedah","Daerah":"PENDANG","Telefon":"019-400 2706","Latitud":5.863791,"Longitud":100.494431,"Nama_Penga":"Tidak Ditemui","Tahun_Dibu":"Tidak Ditemui","Status__Ak":"Aktif","Kategori_D":"Institusi Semasa","Sumber___R":"Data gabungan terdahulu / KML Google Earth Pro / MAIK","Status_Pen":"Tidak Ditemui","Sumber_Tah":"Carian menyeluruh web 02-10-2026 — tiada bukti tahun pembukaan yang cukup kukuh ditemui","ERA":"Tidak Ditemui","TAHUN_ERA":"Tidak Ditemui","KATEGORI_I_MAAHAD":"Maahad Tahfiz","ASAS_KATEGORI":"Nama menyebut Maahad Tahfiz","STATUS_SAH_KATEGORI":"Belum disahkan","FUNGSI_PENDIDIKAN":"Belum disahkan"}},{"type":"Feature","id":118,"geometry":{"type":"Point","coordinates":[100.4593436,5.982439900000014]},"properties":{"FID":118,"ID":111,"Nama_Madra":"Maahad Tahfiz Al-Quran Misbahul Munir","Alamat":"Kg. Sg. Tembak (B), Parit PanjangKedah, 06720 Pokok Tai, Pendang","Daerah":"PENDANG","Telefon":"04-461 9696","Latitud":5.98244,"Longitud":100.459344,"Nama_Penga":"Tidak Ditemui","Tahun_Dibu":"Tidak Ditemui","Status__Ak":"Aktif","Kategori_D":"Institusi Semasa","Sumber___R":"Data gabungan terdahulu / KML Google Earth Pro / MAIK","Status_Pen":"Tidak Ditemui","Sumber_Tah":"Carian menyeluruh web 02-10-2026 — tiada bukti tahun pembukaan yang cukup kukuh ditemui","ERA":"Tidak Ditemui","TAHUN_ERA":"Tidak Ditemui","KATEGORI_I_MAAHAD":"Maahad Tahfiz","ASAS_KATEGORI":"Nama menyebut Maahad Tahfiz","STATUS_SAH_KATEGORI":"Belum disahkan","FUNGSI_PENDIDIKAN":"Belum disahkan"}},{"type":"Feature","id":119,"geometry":{"type":"Point","coordinates":[100.468831,6.208076100000015]},"properties":{"FID":119,"ID":112,"Nama_Madra":"Maahad Tarbiyah Islamiah, Derang","Alamat":"K355, Kampung Derang, 06200 Pendang, Kedah","Daerah":"PENDANG","Telefon":"016-459 1254","Latitud":6.208076,"Longitud":100.468831,"Nama_Penga":"Syeikh Niamat bin Yusoff","Tahun_Dibu":"1981","Status__Ak":"Aktif","Kategori_D":"Institusi Semasa","Sumber___R":"Data gabungan terdahulu / KML Google Earth Pro / MAIK","Status_Pen":"Tahun Sedia Ada","Sumber_Tah":"Tahun daripada dataset terdahulu; dikekalkan. Sumber khusus perlu dirujuk pada rekod asal/rujukan terdahulu.","ERA":"4 - Era Transformasi Pendidikan","TAHUN_ERA":"1971-2000","KATEGORI_I_MAAHAD":"Maahad / Madrasah Lain","ASAS_KATEGORI":"Nama menyebut Maahad atau Madrasah tanpa Tahfiz yang jelas","STATUS_SAH_KATEGORI":"Belum disahkan","FUNGSI_PENDIDIKAN":"Belum disahkan"}},{"type":"Feature","id":120,"geometry":{"type":"Point","coordinates":[100.5456452,5.9603699]},"properties":{"FID":120,"ID":113,"Nama_Madra":"SABK Maahad Al Imam Al Syafie","Alamat":"Kampung Sawa Kecil, 06700 Pendang, Kedah","Daerah":"PENDANG","Telefon":"04-741 0098","Latitud":5.96037,"Longitud":100.545645,"Nama_Penga":"Tidak Ditemui","Tahun_Dibu":"Tidak Ditemui","Status__Ak":"Aktif","Kategori_D":"Institusi Semasa","Sumber___R":"Data gabungan terdahulu / KML Google Earth Pro / MAIK","Status_Pen":"Tidak Ditemui","Sumber_Tah":"Carian menyeluruh web 02-10-2026 — tiada bukti tahun pembukaan yang cukup kukuh ditemui","ERA":"Tidak Ditemui","TAHUN_ERA":"Tidak Ditemui","KATEGORI_I_MAAHAD":"Maahad / Madrasah Lain","ASAS_KATEGORI":"Nama menyebut Maahad atau Madrasah tanpa Tahfiz yang jelas","STATUS_SAH_KATEGORI":"Belum disahkan","FUNGSI_PENDIDIKAN":"Belum disahkan"}},{"type":"Feature","id":121,"geometry":{"type":"Point","coordinates":[100.5059332,5.868100100000005]},"properties":{"FID":121,"ID":114,"Nama_Madra":"SM (A) MA'Ahad Tahfiz Al-Abidin","Alamat":"Kampung Ceruk Manggis Pokok Tai Pendang, 06700","Daerah":"PENDANG","Telefon":"04-468 1594","Latitud":5.8681,"Longitud":100.505933,"Nama_Penga":"Tidak Ditemui","Tahun_Dibu":"Tidak Ditemui","Status__Ak":"Aktif","Kategori_D":"Institusi Semasa","Sumber___R":"Data gabungan terdahulu / KML Google Earth Pro / MAIK","Status_Pen":"Tidak Ditemui","Sumber_Tah":"Carian menyeluruh web 02-10-2026 — tiada bukti tahun pembukaan yang cukup kukuh ditemui","ERA":"Tidak Ditemui","TAHUN_ERA":"Tidak Ditemui","KATEGORI_I_MAAHAD":"Lain-lain Institusi Pengajian Islam","ASAS_KATEGORI":"Tidak memenuhi padanan nama kategori khusus","STATUS_SAH_KATEGORI":"Belum disahkan","FUNGSI_PENDIDIKAN":"Belum disahkan"}},{"type":"Feature","id":122,"geometry":{"type":"Point","coordinates":[100.5034175,5.867840500000005]},"properties":{"FID":122,"ID":115,"Nama_Madra":"Tugu Tahfiz Al-Abidin","Alamat":"Unnamed Road, Kampung Pokok Tai, 06700 Pendang, Kedah","Daerah":"PENDANG","Telefon":"04-461 9696","Latitud":5.86784,"Longitud":100.503417,"Nama_Penga":"Tidak Ditemui","Tahun_Dibu":"Tidak Ditemui","Status__Ak":"Aktif","Kategori_D":"Institusi Semasa","Sumber___R":"Data gabungan terdahulu / KML Google Earth Pro / MAIK","Status_Pen":"Tidak Ditemui","Sumber_Tah":"Carian menyeluruh web 02-10-2026 — tiada bukti tahun pembukaan yang cukup kukuh ditemui","ERA":"Tidak Ditemui","TAHUN_ERA":"Tidak Ditemui","KATEGORI_I_MAAHAD":"Lain-lain Institusi Pengajian Islam","ASAS_KATEGORI":"Tidak memenuhi padanan nama kategori khusus","STATUS_SAH_KATEGORI":"Belum disahkan","FUNGSI_PENDIDIKAN":"Belum disahkan"}},{"type":"Feature","id":123,"geometry":{"type":"Point","coordinates":[100.47607,5.95675000000001]},"properties":{"FID":123,"ID":135,"Nama_Madra":"PONDOK HAJI MUHAMMAD ARIF - AYER PUTIH","Alamat":"Ayer Putih, Pendang, Kedah","Daerah":"PENDANG","Telefon":"Tidak Ditemui","Latitud":5.95675,"Longitud":100.47607,"Nama_Penga":"Haji Muhammad Arif","Tahun_Dibu":"1915","Status__Ak":"Ditutup","Kategori_D":"Lokasi Sejarah","Sumber___R":"Data gabungan terdahulu / KML Google Earth Pro / MAIK","Status_Pen":"Tahun Sedia Ada","Sumber_Tah":"Tahun daripada dataset terdahulu; dikekalkan. Sumber khusus perlu dirujuk pada rekod asal/rujukan terdahulu.","ERA":"2 - Era Kebangkitan Pondok","TAHUN_ERA":"1900-1945","KATEGORI_I_MAAHAD":"Pondok","ASAS_KATEGORI":"Nama menyebut Pondok","STATUS_SAH_KATEGORI":"Belum disahkan","FUNGSI_PENDIDIKAN":"Belum disahkan"}},{"type":"Feature","id":124,"geometry":{"type":"Point","coordinates":[100.4472439,6.1713442000000205]},"properties":{"FID":124,"ID":116,"Nama_Madra":"Maahad Tahfiz Al-Quran Darul Fateh - MADAF Official","Alamat":"Maahad Tahfiz Al-Quran Darul Fateh No55, Kampung Belukar, 06400 Pokok Sena, Kedah","Daerah":"POKOK SENA","Telefon":"010-540 4030","Latitud":6.171344,"Longitud":100.447244,"Nama_Penga":"Tidak Ditemui","Tahun_Dibu":"Tidak Ditemui","Status__Ak":"Aktif","Kategori_D":"Institusi Semasa","Sumber___R":"Data gabungan terdahulu / KML Google Earth Pro / MAIK","Status_Pen":"Tidak Ditemui","Sumber_Tah":"Carian menyeluruh web 02-10-2026 — tiada bukti tahun pembukaan yang cukup kukuh ditemui","ERA":"Tidak Ditemui","TAHUN_ERA":"Tidak Ditemui","KATEGORI_I_MAAHAD":"Maahad Tahfiz","ASAS_KATEGORI":"Nama menyebut Maahad Tahfiz","STATUS_SAH_KATEGORI":"Belum disahkan","FUNGSI_PENDIDIKAN":"Belum disahkan"}},{"type":"Feature","id":125,"geometry":{"type":"Point","coordinates":[100.5154271,6.091828400000003]},"properties":{"FID":125,"ID":117,"Nama_Madra":"pusat taqlim dan tahfiz minhajulabdin...","Alamat":"Kampung Kuala Lanjut, 06350 Pokok Sena, Kedah","Daerah":"POKOK SENA","Telefon":"019-446 6425","Latitud":6.091828,"Longitud":100.515427,"Nama_Penga":"Tidak Ditemui","Tahun_Dibu":"Tidak Ditemui","Status__Ak":"Aktif","Kategori_D":"Institusi Semasa","Sumber___R":"Data gabungan terdahulu / KML Google Earth Pro / MAIK","Status_Pen":"Tidak Ditemui","Sumber_Tah":"Carian menyeluruh web 02-10-2026 — tiada bukti tahun pembukaan yang cukup kukuh ditemui","ERA":"Tidak Ditemui","TAHUN_ERA":"Tidak Ditemui","KATEGORI_I_MAAHAD":"Pusat Tahfiz","ASAS_KATEGORI":"Nama menyebut Pusat Tahfiz","STATUS_SAH_KATEGORI":"Belum disahkan","FUNGSI_PENDIDIKAN":"Belum disahkan"}},{"type":"Feature","id":126,"geometry":{"type":"Point","coordinates":[100.7595314,5.828406000000003]},"properties":{"FID":126,"ID":118,"Nama_Madra":"KAFA Integrasi Tahfiz Al-Munir","Alamat":"Kampung Namek, 08200 Sik, Kedah","Daerah":"SIK","Telefon":"013-424 2980","Latitud":5.828406,"Longitud":100.759531,"Nama_Penga":"Tidak Ditemui","Tahun_Dibu":"Tidak Ditemui","Status__Ak":"Aktif","Kategori_D":"Institusi Semasa","Sumber___R":"Data gabungan terdahulu / KML Google Earth Pro / MAIK","Status_Pen":"Tidak Ditemui","Sumber_Tah":"Carian menyeluruh web 02-10-2026 — tiada bukti tahun pembukaan yang cukup kukuh ditemui","ERA":"Tidak Ditemui","TAHUN_ERA":"Tidak Ditemui","KATEGORI_I_MAAHAD":"Lain-lain Institusi Pengajian Islam","ASAS_KATEGORI":"Tidak memenuhi padanan nama kategori khusus","STATUS_SAH_KATEGORI":"Belum disahkan","FUNGSI_PENDIDIKAN":"Belum disahkan"}},{"type":"Feature","id":127,"geometry":{"type":"Point","coordinates":[100.8256435,6.055520000000019]},"properties":{"FID":127,"ID":119,"Nama_Madra":"Maahad Dini Sultan Abdul Halim (KFA8001)","Alamat":"Mukim, 08210 Sik, Kedah","Daerah":"SIK","Telefon":"04-752 0170","Latitud":6.05552,"Longitud":100.825643,"Nama_Penga":"Lembaga Zakat Negeri Kedah (LZNK)","Tahun_Dibu":"2019","Status__Ak":"Aktif","Kategori_D":"Institusi Semasa","Sumber___R":"Data gabungan terdahulu / KML Google Earth Pro / MAIK","Status_Pen":"Tahun Sedia Ada","Sumber_Tah":"Tahun daripada dataset terdahulu; dikekalkan. Sumber khusus perlu dirujuk pada rekod asal/rujukan terdahulu.","ERA":"5 - Era Pewarisan & Kelestarian","TAHUN_ERA":"2001-Kini","KATEGORI_I_MAAHAD":"Maahad / Madrasah Lain","ASAS_KATEGORI":"Nama menyebut Maahad atau Madrasah tanpa Tahfiz yang jelas","STATUS_SAH_KATEGORI":"Belum disahkan","FUNGSI_PENDIDIKAN":"Belum disahkan"}},{"type":"Feature","id":128,"geometry":{"type":"Point","coordinates":[100.6357725,5.8047016]},"properties":{"FID":128,"ID":120,"Nama_Madra":"MAAHAD RIYADHUS SOLIHIN AN-NAWAWI","Alamat":"Jalan Chemara, Kampung Padang Ragut, 08200 Sik, Kedah","Daerah":"SIK","Telefon":"018-947 7891","Latitud":5.804702,"Longitud":100.635773,"Nama_Penga":"Tidak Ditemui","Tahun_Dibu":"Tidak Ditemui","Status__Ak":"Aktif","Kategori_D":"Institusi Semasa","Sumber___R":"Data gabungan terdahulu / KML Google Earth Pro / MAIK","Status_Pen":"Tidak Ditemui","Sumber_Tah":"Carian menyeluruh web 02-10-2026 — tiada bukti tahun pembukaan yang cukup kukuh ditemui","ERA":"Tidak Ditemui","TAHUN_ERA":"Tidak Ditemui","KATEGORI_I_MAAHAD":"Maahad / Madrasah Lain","ASAS_KATEGORI":"Nama menyebut Maahad atau Madrasah tanpa Tahfiz yang jelas","STATUS_SAH_KATEGORI":"Belum disahkan","FUNGSI_PENDIDIKAN":"Belum disahkan"}},{"type":"Feature","id":129,"geometry":{"type":"Point","coordinates":[100.6814039,5.7958219]},"properties":{"FID":129,"ID":121,"Nama_Madra":"Pondok Tahfiz Raudhatul Jannah Sik","Alamat":"Jln Beris Jaya, Bandar Baru Beris Jaya, 08200 Sik, Kedah","Daerah":"SIK","Telefon":"013-466 0064","Latitud":5.795822,"Longitud":100.681404,"Nama_Penga":"Tidak Ditemui","Tahun_Dibu":"Tidak Ditemui","Status__Ak":"Aktif","Kategori_D":"Institusi Semasa","Sumber___R":"Data gabungan terdahulu / KML Google Earth Pro / MAIK","Status_Pen":"Tidak Ditemui","Sumber_Tah":"Carian menyeluruh web 02-10-2026 — tiada bukti tahun pembukaan yang cukup kukuh ditemui","ERA":"Tidak Ditemui","TAHUN_ERA":"Tidak Ditemui","KATEGORI_I_MAAHAD":"Pondok","ASAS_KATEGORI":"Nama menyebut Pondok","STATUS_SAH_KATEGORI":"Belum disahkan","FUNGSI_PENDIDIKAN":"Belum disahkan"}},{"type":"Feature","id":130,"geometry":{"type":"Point","coordinates":[100.3649992,5.935463700000074]},"properties":{"FID":130,"ID":122,"Nama_Madra":"Ma'had As-Syatirie (Pondok Sungai Dedap)","Alamat":"A-146 Jalan Yan, Kampung Sungai Dedap, Kota Sarang Semut, 06800 Alor Setar, Kedah","Daerah":"YAN","Telefon":"013-437 7786","Latitud":5.935464,"Longitud":100.364999,"Nama_Penga":"Tidak Ditemui","Tahun_Dibu":"2009","Status__Ak":"Aktif","Kategori_D":"Institusi Semasa","Sumber___R":"Data gabungan terdahulu / KML Google Earth Pro / MAIK","Status_Pen":"Tahun Sedia Ada","Sumber_Tah":"Tahun daripada dataset terdahulu; dikekalkan. Sumber khusus perlu dirujuk pada rekod asal/rujukan terdahulu.","ERA":"5 - Era Pewarisan & Kelestarian","TAHUN_ERA":"2001-Kini","KATEGORI_I_MAAHAD":"Pondok","ASAS_KATEGORI":"Nama menyebut Pondok","STATUS_SAH_KATEGORI":"Belum disahkan","FUNGSI_PENDIDIKAN":"Belum disahkan"}},{"type":"Feature","id":131,"geometry":{"type":"Point","coordinates":[100.4578237,5.855495500000014]},"properties":{"FID":131,"ID":123,"Nama_Madra":"Maahad Nurul Hidayah Litta'lim Wat Tazkiyah","Alamat":"Lorong Jerai, Kampung Guar Chempedak, 08300 Guar Chempedak, Kedah","Daerah":"YAN","Telefon":"019-429 5749","Latitud":5.855495,"Longitud":100.457824,"Nama_Penga":"Tidak Ditemui","Tahun_Dibu":"Tidak Ditemui","Status__Ak":"Aktif","Kategori_D":"Institusi Semasa","Sumber___R":"Data gabungan terdahulu / KML Google Earth Pro / MAIK","Status_Pen":"Tidak Ditemui","Sumber_Tah":"Carian menyeluruh web 02-10-2026 — tiada bukti tahun pembukaan yang cukup kukuh ditemui","ERA":"Tidak Ditemui","TAHUN_ERA":"Tidak Ditemui","KATEGORI_I_MAAHAD":"Maahad / Madrasah Lain","ASAS_KATEGORI":"Nama menyebut Maahad atau Madrasah tanpa Tahfiz yang jelas","STATUS_SAH_KATEGORI":"Belum disahkan","FUNGSI_PENDIDIKAN":"Belum disahkan"}},{"type":"Feature","id":132,"geometry":{"type":"Point","coordinates":[100.4130113,5.819006300000033]},"properties":{"FID":132,"ID":124,"Nama_Madra":"Maahad Tahfiz Al Fityan","Alamat":"F743, Jln Lubuk Gajah, KAMPUNG SETAR, 06900 Yan, Kedah","Daerah":"YAN","Telefon":"019-407 4017","Latitud":5.819006,"Longitud":100.413011,"Nama_Penga":"Dewan Pemuda PAS Negeri Kedah bersama masyarakat setempat","Tahun_Dibu":"2010","Status__Ak":"Aktif","Kategori_D":"Institusi Semasa","Sumber___R":"Data gabungan terdahulu / KML Google Earth Pro / MAIK","Status_Pen":"Tahun Sedia Ada","Sumber_Tah":"Tahun daripada dataset terdahulu; dikekalkan. Sumber khusus perlu dirujuk pada rekod asal/rujukan terdahulu.","ERA":"5 - Era Pewarisan & Kelestarian","TAHUN_ERA":"2001-Kini","KATEGORI_I_MAAHAD":"Maahad Tahfiz","ASAS_KATEGORI":"Nama menyebut Maahad Tahfiz","STATUS_SAH_KATEGORI":"Belum disahkan","FUNGSI_PENDIDIKAN":"Belum disahkan"}},{"type":"Feature","id":133,"geometry":{"type":"Point","coordinates":[100.4224684,5.9653438000000305]},"properties":{"FID":133,"ID":125,"Nama_Madra":"Madrasah Mazahirul Ulum","Alamat":"Jalan Kampung Bukit Choras, Kampung Dalam Baroh, 06800 Kota Sarang Semut, Kedah","Daerah":"YAN","Telefon":"04-769 4843","Latitud":5.965344,"Longitud":100.422468,"Nama_Penga":"Tidak Ditemui","Tahun_Dibu":"2002","Status__Ak":"Aktif","Kategori_D":"Institusi Semasa","Sumber___R":"Sejarah Madrasah Mazahirul Ulum — ditubuhkan awal Januari 2002: https://madrasahmazahirululum.blogspot.com/","Status_Pen":"Disahkan","Sumber_Tah":"Sejarah Madrasah Mazahirul Ulum — ditubuhkan awal Januari 2002: https://madrasahmazahirululum.blogspot.com/","ERA":"5 - Era Pewarisan & Kelestarian","TAHUN_ERA":"2001-Kini","KATEGORI_I_MAAHAD":"Maahad / Madrasah Lain","ASAS_KATEGORI":"Nama menyebut Maahad atau Madrasah tanpa Tahfiz yang jelas","STATUS_SAH_KATEGORI":"Belum disahkan","FUNGSI_PENDIDIKAN":"Belum disahkan"}},{"type":"Feature","id":134,"geometry":{"type":"Point","coordinates":[100.3469988,6.0203194000000995]},"properties":{"FID":134,"ID":126,"Nama_Madra":"sma al falah and tahfiz","Alamat":"K1, Kampung Permatang Ibus, 06650 Kota Sarang Semut, Kedah","Daerah":"YAN","Telefon":"012-559 9462","Latitud":6.020319,"Longitud":100.346999,"Nama_Penga":"Tidak Ditemui","Tahun_Dibu":"Tidak Ditemui","Status__Ak":"Aktif","Kategori_D":"Institusi Semasa","Sumber___R":"Data gabungan terdahulu / KML Google Earth Pro / MAIK","Status_Pen":"Tidak Ditemui","Sumber_Tah":"Carian menyeluruh web 02-10-2026 — tiada bukti tahun pembukaan yang cukup kukuh ditemui","ERA":"Tidak Ditemui","TAHUN_ERA":"Tidak Ditemui","KATEGORI_I_MAAHAD":"Lain-lain Institusi Pengajian Islam","ASAS_KATEGORI":"Tidak memenuhi padanan nama kategori khusus","STATUS_SAH_KATEGORI":"Belum disahkan","FUNGSI_PENDIDIKAN":"Belum disahkan"}},{"type":"Feature","id":135,"geometry":{"type":"Point","coordinates":[100.43329,5.905130000000023]},"properties":{"FID":135,"ID":136,"Nama_Madra":"PONDOK BATU 16 PADANG LUMAT / PONDOK PAK YA","Alamat":"Batu 16, Padang Lumat, Yan, Kedah","Daerah":"YAN","Telefon":"Tidak Ditemui","Latitud":5.90513,"Longitud":100.43329,"Nama_Penga":"Tuan Hussain Kedah","Tahun_Dibu":"1924","Status__Ak":"Ditutup","Kategori_D":"Lokasi Sejarah","Sumber___R":"Data gabungan terdahulu / KML Google Earth Pro / MAIK","Status_Pen":"Tahun Sedia Ada","Sumber_Tah":"Tahun daripada dataset terdahulu; dikekalkan. Sumber khusus perlu dirujuk pada rekod asal/rujukan terdahulu.","ERA":"2 - Era Kebangkitan Pondok","TAHUN_ERA":"1900-1945","KATEGORI_I_MAAHAD":"Pondok","ASAS_KATEGORI":"Nama menyebut Pondok","STATUS_SAH_KATEGORI":"Belum disahkan","FUNGSI_PENDIDIKAN":"Belum disahkan"}},{"type":"Feature","id":136,"geometry":{"type":"Point","coordinates":[100.39912,5.830150000000042]},"properties":{"FID":136,"ID":137,"Nama_Madra":"PONDOK HAJI MUHAMMAD ARIF - TITI SERONG","Alamat":"Titi Serong, Yan, Kedah","Daerah":"YAN","Telefon":"Tidak Ditemui","Latitud":5.83015,"Longitud":100.39912,"Nama_Penga":"Haji Muhammad Arif","Tahun_Dibu":"1930","Status__Ak":"Ditutup","Kategori_D":"Lokasi Sejarah","Sumber___R":"Data gabungan terdahulu / KML Google Earth Pro / MAIK","Status_Pen":"Tahun Sedia Ada","Sumber_Tah":"Tahun daripada dataset terdahulu; dikekalkan. Sumber khusus perlu dirujuk pada rekod asal/rujukan terdahulu.","ERA":"2 - Era Kebangkitan Pondok","TAHUN_ERA":"1900-1945","KATEGORI_I_MAAHAD":"Pondok","ASAS_KATEGORI":"Nama menyebut Pondok","STATUS_SAH_KATEGORI":"Belum disahkan","FUNGSI_PENDIDIKAN":"Belum disahkan"}},{"type":"Feature","id":137,"geometry":{"type":"Point","coordinates":[100.37888,5.89877000000006]},"properties":{"FID":137,"ID":138,"Nama_Madra":"PONDOK SELENGKOH","Alamat":"Selengkoh, Sungai Limau, Yan, Kedah","Daerah":"YAN","Telefon":"Tidak Ditemui","Latitud":5.89877,"Longitud":100.37888,"Nama_Penga":"Tuan Hussain Kedah","Tahun_Dibu":"1920","Status__Ak":"Ditutup","Kategori_D":"Lokasi Sejarah","Sumber___R":"Data gabungan terdahulu / KML Google Earth Pro / MAIK","Status_Pen":"Tahun Sedia Ada","Sumber_Tah":"Tahun daripada dataset terdahulu; dikekalkan. Sumber khusus perlu dirujuk pada rekod asal/rujukan terdahulu.","ERA":"2 - Era Kebangkitan Pondok","TAHUN_ERA":"1900-1945","KATEGORI_I_MAAHAD":"Pondok","ASAS_KATEGORI":"Nama menyebut Pondok","STATUS_SAH_KATEGORI":"Belum disahkan","FUNGSI_PENDIDIKAN":"Belum disahkan"}}]}